resume_id,name,job_title,skills,location,date,experience_years
1,Rachel Shaw,DevOps Eng,aws k8s terraform,Paris FR,02-15-2023,10
2,Michael Silva,Cloud Engr.,hadoop hive db,Tokyo-JP,"15 Feb, 2023",13
3,Colin Ryan,Data Scientist,tensorflow pytorch dL,"San Fran, US",Feb/15/2023,10
4,Alicia Chavez,DevOps Eng,tensorflow pytorch dL,Berlin-Germany,2023-15-02,9
5,Brandon Oliver,Data Scientist,tensorflow pytorch dL,Singpore,02-15-2023,4
6,Kevin Haney,Data Engr.,Excel-Tableau-PBI,Toronto-CA,2023/02/15,11
7,Daniel Nichols,Cloud Engr.,react node js JS,"Mumbai, IND",02-15-2023,13
8,William Brown,Data Engr.,"pythn, sql, sprk",Sydney/AUS,Feb/15/2023,1
9,Marilyn Thomas,Cloud Engr.,hadoop hive db,"NY, USA",2023/02/15,10
10,Donna Robles,Data Engr.,django flask REST-API,"NY, USA",Feb 15 2023,11
11,Tiffany Ware,Cloud Engr.,cybersecurity net-sec SIEM,Paris FR,15/02/23,10
12,Diane Peterson,Fullstack Dev,django flask REST-API,"London, United Kingdom",2023/02/15,12
13,Jeffrey Miller,Data Scientist,cybersecurity net-sec SIEM,"London, United Kingdom","15 Feb, 2023",8
14,Jonathan Schroeder,Proj. Manager,Excel-Tableau-PBI,Berlin-Germany,15/02/23,9
15,Erik Parks,Data Engr.,tensorflow pytorch dL,"London, United Kingdom",02/15/2023,11
16,David Jackson,ML Engr.,hadoop hive db,"San Fran, US",2023/02/15,13
17,Courtney Merritt,Software Dev,django flask REST-API,"Mumbai, IND","15 Feb, 2023",8
18,Kelly Griffin,Proj. Manager,"pythn, sql, sprk",Toronto-CA,2023.02.15,13
19,Alec Campbell,DevOps Eng,cybersecurity net-sec SIEM,"London, United Kingdom",2023/02/15,1
20,Calvin Hamilton,Cloud Engr.,react node js JS,Paris FR,2023-15-02,4
21,Michaela Johnson,Biz Analyst,tensorflow pytorch dL,Paris FR,15/02/23,5
22,Anthony Rodriguez,Biz Analyst,react node js JS,"San Fran, US",Feb/15/2023,3
23,Katrina Boone,DevOps Eng,Excel-Tableau-PBI,"Mumbai, IND","15 Feb, 2023",12
24,Kathy Dougherty,Biz Analyst,cybersecurity net-sec SIEM,"Mumbai, IND",02/15/2023,10
25,Cheryl Smith,Data Scientist,cybersecurity net-sec SIEM,"NY, USA",2023-15-02,1
26,Helen Harrison,ML Engr.,django flask REST-API,Toronto-CA,02-15-2023,7
27,Jeffrey Valencia,Data Engr.,react node js JS,Paris FR,15/02/23,11
28,Gregory Ferguson,Biz Analyst,Excel-Tableau-PBI,"San Fran, US",Feb/15/2023,11
29,Benjamin Cannon,Software Dev,django flask REST-API,Tokyo-JP,02-15-2023,6
30,Jonathan Randall,Cybersecurity Spec.,java spring microservices,"London, United Kingdom",15/02/23,9
31,Helen Johnson,Cybersecurity Spec.,java spring microservices,"London, United Kingdom","15 Feb, 2023",8
32,Dana Williams,Biz Analyst,Excel-Tableau-PBI,Berlin-Germany,2023-15-02,8
33,Timothy Wade,ML Engr.,tensorflow pytorch dL,"San Fran, US",15-02-2023,2
34,Carol Park,DevOps Eng,aws k8s terraform,"Mumbai, IND",02-15-2023,5
35,Nicole Martinez,Software Dev,C++ embed IoT,"San Fran, US",02/15/2023,13
36,Cassie Price,Fullstack Dev,java spring microservices,Tokyo-JP,2023/02/15,13
37,Vanessa Hernandez,Cloud Engr.,django flask REST-API,"San Fran, US",02-15-2023,10
38,Heather Reyes,DevOps Eng,java spring microservices,Paris FR,"15 Feb, 2023",3
39,Anthony King,Biz Analyst,java spring microservices,Singpore,15/02/23,7
40,Jason Adams,Cybersecurity Spec.,tensorflow pytorch dL,"NY, USA",02/15/2023,12
41,David Campos,Proj. Manager,Excel-Tableau-PBI,"London, United Kingdom",2023.02.15,7
42,Valerie Bradford,Proj. Manager,hadoop hive db,Berlin-Germany,15-02-2023,4
43,Brian Mclaughlin,Proj. Manager,C++ embed IoT,Tokyo-JP,02/15/2023,13
44,Melinda Avery,DevOps Eng,react node js JS,Singpore,2023/02/15,6
45,Paul Duncan,Proj. Manager,cybersecurity net-sec SIEM,Tokyo-JP,"15 Feb, 2023",14
46,Heather Davis,Fullstack Dev,cybersecurity net-sec SIEM,Berlin-Germany,2023.02.15,3
47,Matthew Cook,Cloud Engr.,C++ embed IoT,Singpore,Feb 15 2023,11
48,Denise Jones,Cloud Engr.,java spring microservices,Berlin-Germany,02-15-2023,8
49,Nancy Santos,ML Engr.,django flask REST-API,"Mumbai, IND",2023.02.15,13
50,Eric Martinez,Data Scientist,react node js JS,Tokyo-JP,Feb/15/2023,5
51,Christina Vega,Software Dev,"pythn, sql, sprk","San Fran, US",2023.02.15,9
52,Thomas Patel,Fullstack Dev,C++ embed IoT,Singpore,15/02/23,11
53,Daniel Cox,DevOps Eng,tensorflow pytorch dL,"NY, USA",15-02-2023,11
54,Andrew Suarez,Biz Analyst,tensorflow pytorch dL,Singpore,02-15-2023,5
55,Heather Hurley,Data Scientist,"pythn, sql, sprk",Berlin-Germany,15-02-2023,13
56,Taylor Oconnor,ML Engr.,Excel-Tableau-PBI,"London, United Kingdom",Feb/15/2023,13
57,Edwin Graham,Data Scientist,tensorflow pytorch dL,Toronto-CA,02/15/2023,7
58,Jenny Sanders,Biz Analyst,aws k8s terraform,"London, United Kingdom",2023.02.15,15
59,Amanda Beck,Cloud Engr.,hadoop hive db,Toronto-CA,2023/02/15,13
60,Melissa Hamilton,ML Engr.,"pythn, sql, sprk",Paris FR,2023/02/15,10
61,Abigail Jones,Software Dev,Excel-Tableau-PBI,Singpore,15/02/23,1
62,Debra Jackson,Cybersecurity Spec.,django flask REST-API,Tokyo-JP,2023/02/15,8
63,Ashley Conner,Biz Analyst,django flask REST-API,"London, United Kingdom",02/15/2023,5
64,Jesse Garrett,DevOps Eng,django flask REST-API,Sydney/AUS,02-15-2023,11
65,Elizabeth Garcia,Cybersecurity Spec.,cybersecurity net-sec SIEM,"London, United Kingdom",2023/02/15,6
66,Randall English,Data Scientist,django flask REST-API,"Mumbai, IND",2023.02.15,10
67,Michael Patterson,Software Dev,tensorflow pytorch dL,"London, United Kingdom",2023.02.15,8
68,Tiffany Franklin MD,DevOps Eng,react node js JS,"NY, USA",02/15/2023,5
69,Anthony Jones,DevOps Eng,java spring microservices,"San Fran, US","15 Feb, 2023",1
70,April Campbell,Cloud Engr.,hadoop hive db,Toronto-CA,15-02-2023,14
71,Annette Cohen,Data Scientist,hadoop hive db,Sydney/AUS,Feb/15/2023,3
72,Jordan Reyes,Data Engr.,java spring microservices,Tokyo-JP,02/15/2023,10
73,Eric Bishop,Data Scientist,"pythn, sql, sprk","London, United Kingdom",Feb 15 2023,13
74,Melissa Carr,Data Scientist,django flask REST-API,"San Fran, US",02/15/2023,10
75,Courtney Miller,Biz Analyst,tensorflow pytorch dL,"Mumbai, IND",2023.02.15,8
76,Misty Moore,Fullstack Dev,aws k8s terraform,"San Fran, US",02/15/2023,10
77,David Kelly,ML Engr.,tensorflow pytorch dL,Berlin-Germany,02-15-2023,1
78,Roger Fuller,Proj. Manager,tensorflow pytorch dL,"Mumbai, IND",2023-15-02,12
79,Michael Richardson,ML Engr.,"pythn, sql, sprk",Berlin-Germany,02/15/2023,3
80,Douglas Bishop,Data Scientist,"pythn, sql, sprk",Tokyo-JP,Feb/15/2023,1
81,Rebekah Smith,Data Engr.,react node js JS,"NY, USA",02-15-2023,4
82,Jennifer Wall,Cybersecurity Spec.,django flask REST-API,Paris FR,2023/02/15,5
83,Kevin Walter,Fullstack Dev,react node js JS,"San Fran, US",02-15-2023,15
84,Samantha Cochran,Cloud Engr.,aws k8s terraform,Paris FR,15/02/23,10
85,Michael Cohen,Fullstack Dev,hadoop hive db,Paris FR,"15 Feb, 2023",11
86,Carrie Morris,Data Engr.,aws k8s terraform,Toronto-CA,02/15/2023,1
87,Donna Lee,DevOps Eng,"pythn, sql, sprk",Sydney/AUS,02-15-2023,10
88,Peter Powell,DevOps Eng,tensorflow pytorch dL,Sydney/AUS,15-02-2023,3
89,Connor Lewis,Biz Analyst,aws k8s terraform,"NY, USA",Feb 15 2023,4
90,Angela Martinez,Proj. Manager,C++ embed IoT,Sydney/AUS,02-15-2023,2
91,Janet Robinson,Fullstack Dev,react node js JS,Paris FR,2023-15-02,3
92,Paula Garcia,Data Engr.,"pythn, sql, sprk",Singpore,Feb 15 2023,2
93,Juan Harvey DVM,Data Scientist,tensorflow pytorch dL,"Mumbai, IND",02/15/2023,2
94,Judith Sanchez,Data Scientist,react node js JS,"Mumbai, IND",15-02-2023,2
95,Tanner Arellano,Software Dev,hadoop hive db,"Mumbai, IND",15/02/23,3
96,Samantha Zhang,Cloud Engr.,cybersecurity net-sec SIEM,Berlin-Germany,2023/02/15,8
97,Patricia Lewis,DevOps Eng,django flask REST-API,"London, United Kingdom",02/15/2023,1
98,Matthew Clark,Fullstack Dev,Excel-Tableau-PBI,Tokyo-JP,02-15-2023,13
99,Steven Robles,Cybersecurity Spec.,react node js JS,Singpore,2023/02/15,13
100,Mr. Gary Gardner,Cloud Engr.,cybersecurity net-sec SIEM,"London, United Kingdom",15/02/23,2
101,Madison Herrera,Software Dev,C++ embed IoT,Singpore,2023.02.15,2
102,Mr. Michael Shea Jr.,Proj. Manager,aws k8s terraform,"Mumbai, IND",Feb/15/2023,8
103,Nicole Johnson,Cloud Engr.,cybersecurity net-sec SIEM,Tokyo-JP,Feb/15/2023,13
104,Gene Clayton,Cybersecurity Spec.,C++ embed IoT,"NY, USA",02/15/2023,1
105,Patricia Hicks,Cybersecurity Spec.,"pythn, sql, sprk",Tokyo-JP,2023-15-02,4
106,Mitchell Walker,Biz Analyst,django flask REST-API,Sydney/AUS,2023/02/15,3
107,Katherine Anderson,Data Engr.,hadoop hive db,"London, United Kingdom",02-15-2023,3
108,Thomas French,Data Scientist,react node js JS,Toronto-CA,Feb/15/2023,7
109,Kristina Hale,Proj. Manager,aws k8s terraform,Paris FR,Feb 15 2023,10
110,Spencer Alexander,Cybersecurity Spec.,cybersecurity net-sec SIEM,"San Fran, US",02/15/2023,10
111,Calvin Alvarez MD,Software Dev,tensorflow pytorch dL,"Mumbai, IND",02/15/2023,6
112,Cody Rivera,ML Engr.,"pythn, sql, sprk",Sydney/AUS,02-15-2023,9
113,Arthur Mccoy,Software Dev,django flask REST-API,Berlin-Germany,Feb/15/2023,8
114,Ryan Roberson,Data Scientist,hadoop hive db,Paris FR,Feb 15 2023,8
115,Diane Dixon,Software Dev,aws k8s terraform,Sydney/AUS,2023/02/15,12
116,Melissa Patterson,Data Scientist,"pythn, sql, sprk","San Fran, US",Feb 15 2023,14
117,Samantha Hall,Proj. Manager,hadoop hive db,Berlin-Germany,2023/02/15,15
118,Jack Davis,Cloud Engr.,"pythn, sql, sprk",Tokyo-JP,"15 Feb, 2023",6
119,Paula Williams,Data Scientist,tensorflow pytorch dL,Berlin-Germany,2023-15-02,2
120,Stephen Mejia,DevOps Eng,C++ embed IoT,Tokyo-JP,Feb 15 2023,1
121,Matthew House,DevOps Eng,aws k8s terraform,Toronto-CA,2023.02.15,8
122,Daniel Lynch,Data Scientist,tensorflow pytorch dL,Tokyo-JP,2023.02.15,3
123,Scott Yu,Cybersecurity Spec.,aws k8s terraform,"San Fran, US",02-15-2023,4
124,Tyler Shepard,DevOps Eng,cybersecurity net-sec SIEM,"London, United Kingdom",02-15-2023,1
125,Cheryl Ford,Cloud Engr.,Excel-Tableau-PBI,Berlin-Germany,02/15/2023,5
126,Danielle Drake,Software Dev,react node js JS,Singpore,2023/02/15,8
127,Kristi Scott,Data Engr.,"pythn, sql, sprk","London, United Kingdom",2023/02/15,12
128,Joseph Jones,Cloud Engr.,aws k8s terraform,"London, United Kingdom",2023/02/15,4
129,Cristian Knight,Fullstack Dev,java spring microservices,Berlin-Germany,02-15-2023,11
130,Kyle Huff,Data Scientist,django flask REST-API,Paris FR,"15 Feb, 2023",14
131,Michael Stephens,Cloud Engr.,C++ embed IoT,"London, United Kingdom",Feb 15 2023,8
132,Kimberly Johnson,Data Engr.,django flask REST-API,Toronto-CA,2023-15-02,4
133,Gregory Carpenter,Data Scientist,C++ embed IoT,Sydney/AUS,15/02/23,8
134,Michelle Shah,Data Scientist,Excel-Tableau-PBI,Berlin-Germany,15-02-2023,11
135,Karen Randall,Data Engr.,"pythn, sql, sprk",Singpore,15-02-2023,5
136,April Gregory,Data Engr.,django flask REST-API,"London, United Kingdom",Feb/15/2023,14
137,Dr. Susan Kelly,Cybersecurity Spec.,cybersecurity net-sec SIEM,"San Fran, US",02-15-2023,2
138,Daniel James,DevOps Eng,C++ embed IoT,Paris FR,2023-15-02,8
139,Stephanie Walters,ML Engr.,java spring microservices,"London, United Kingdom",2023-15-02,15
140,Michael Nunez,Software Dev,C++ embed IoT,Singpore,2023/02/15,3
141,Sean Camacho,Data Engr.,django flask REST-API,Toronto-CA,2023/02/15,13
142,Yesenia Hunter,DevOps Eng,cybersecurity net-sec SIEM,Paris FR,"15 Feb, 2023",2
143,Abigail Hernandez,ML Engr.,django flask REST-API,"San Fran, US",02/15/2023,15
144,Ms. Lisa Morris DDS,DevOps Eng,django flask REST-API,Berlin-Germany,02-15-2023,4
145,Caitlin Torres,Cloud Engr.,cybersecurity net-sec SIEM,Singpore,Feb/15/2023,14
146,Dawn Clark,Cybersecurity Spec.,"pythn, sql, sprk","NY, USA",2023-15-02,8
147,Helen Stephens,Data Engr.,hadoop hive db,Paris FR,"15 Feb, 2023",9
148,Christine Rocha,Data Engr.,cybersecurity net-sec SIEM,Paris FR,2023-15-02,1
149,Karen Kerr DDS,Fullstack Dev,Excel-Tableau-PBI,"Mumbai, IND",Feb/15/2023,9
150,Brandon Brown,DevOps Eng,django flask REST-API,Tokyo-JP,2023-15-02,14
151,Raymond Bailey,ML Engr.,C++ embed IoT,"London, United Kingdom",2023-15-02,2
152,Eric Thompson,DevOps Eng,django flask REST-API,Singpore,02/15/2023,1
153,Patrick Peterson,Software Dev,react node js JS,Sydney/AUS,"15 Feb, 2023",2
154,Pamela Hoffman,ML Engr.,hadoop hive db,"NY, USA","15 Feb, 2023",2
155,Joshua Sherman,Cloud Engr.,tensorflow pytorch dL,Tokyo-JP,2023-15-02,13
156,Michael Cox,Data Scientist,"pythn, sql, sprk","NY, USA","15 Feb, 2023",11
157,Tina Garrett,Cloud Engr.,hadoop hive db,Paris FR,15/02/23,10
158,Autumn Carter,Cloud Engr.,C++ embed IoT,"Mumbai, IND",15-02-2023,14
159,Philip Ramirez,Data Engr.,"pythn, sql, sprk",Sydney/AUS,2023/02/15,1
160,Adam Underwood,Cybersecurity Spec.,hadoop hive db,Toronto-CA,15/02/23,13
161,Cory Johnson,DevOps Eng,aws k8s terraform,Singpore,2023/02/15,15
162,Daniel Jimenez,Software Dev,java spring microservices,Singpore,2023/02/15,14
163,Anthony Allen,Fullstack Dev,C++ embed IoT,"London, United Kingdom",15/02/23,15
164,Matthew Sullivan,Data Scientist,aws k8s terraform,"London, United Kingdom",02-15-2023,15
165,Michael Mcdonald,Software Dev,tensorflow pytorch dL,Toronto-CA,Feb/15/2023,5
166,Laurie Johnson,Data Engr.,C++ embed IoT,Singpore,2023/02/15,13
167,Mr. Brian Stewart,Data Engr.,java spring microservices,Singpore,"15 Feb, 2023",15
168,Robert Ferguson,Proj. Manager,django flask REST-API,"London, United Kingdom",Feb/15/2023,9
169,Mark Randall,Data Scientist,django flask REST-API,"San Fran, US",15/02/23,4
170,Katherine Lawrence,Cybersecurity Spec.,C++ embed IoT,"London, United Kingdom","15 Feb, 2023",7
171,Linda Long,ML Engr.,Excel-Tableau-PBI,"London, United Kingdom","15 Feb, 2023",3
172,Alexander Hughes,ML Engr.,aws k8s terraform,Sydney/AUS,02-15-2023,1
173,Amanda Sandoval,Data Scientist,cybersecurity net-sec SIEM,Sydney/AUS,15/02/23,8
174,Philip Stafford,ML Engr.,hadoop hive db,"San Fran, US",15/02/23,7
175,Erika Mason,Data Engr.,Excel-Tableau-PBI,Sydney/AUS,Feb 15 2023,2
176,Jessica Sanchez,Software Dev,Excel-Tableau-PBI,Sydney/AUS,2023/02/15,7
177,Scott Gordon,Data Engr.,java spring microservices,"NY, USA",15/02/23,3
178,Jeffery Smith,Proj. Manager,cybersecurity net-sec SIEM,"London, United Kingdom",02-15-2023,2
179,Bryan Brown,Biz Analyst,aws k8s terraform,"San Fran, US",Feb/15/2023,13
180,Jamie Owen,Data Scientist,"pythn, sql, sprk",Singpore,02-15-2023,3
181,Christina Collins,Cloud Engr.,cybersecurity net-sec SIEM,Sydney/AUS,2023-15-02,4
182,Peter Mcclain,Software Dev,java spring microservices,Tokyo-JP,2023-15-02,12
183,Noah Martin Jr.,Biz Analyst,hadoop hive db,"San Fran, US",02-15-2023,4
184,Shannon Patel,Cloud Engr.,C++ embed IoT,"Mumbai, IND",02-15-2023,13
185,Justin Mills,Biz Analyst,aws k8s terraform,Tokyo-JP,Feb/15/2023,3
186,Alicia Payne,Data Engr.,hadoop hive db,Tokyo-JP,2023-15-02,15
187,Joseph Jimenez,Cloud Engr.,Excel-Tableau-PBI,"NY, USA",15-02-2023,12
188,Angel Wilson,Software Dev,java spring microservices,Paris FR,"15 Feb, 2023",15
189,Charles Carrillo,Data Scientist,java spring microservices,Toronto-CA,Feb/15/2023,8
190,Brooke Lopez,Cybersecurity Spec.,"pythn, sql, sprk","NY, USA",Feb 15 2023,10
191,Daisy Harding,Data Engr.,Excel-Tableau-PBI,Toronto-CA,15-02-2023,13
192,Bryan Howe,ML Engr.,cybersecurity net-sec SIEM,Paris FR,2023.02.15,13
193,James Stephens,Fullstack Dev,django flask REST-API,Singpore,02-15-2023,15
194,Shari Whitney,Data Engr.,tensorflow pytorch dL,"NY, USA",2023.02.15,9
195,Samantha Smith,Biz Analyst,react node js JS,"London, United Kingdom",2023-15-02,9
196,Robin Johnson,Data Scientist,cybersecurity net-sec SIEM,Tokyo-JP,2023.02.15,13
197,Robert Roberts,Software Dev,"pythn, sql, sprk","San Fran, US",2023/02/15,8
198,Andrew Hartman,Data Engr.,django flask REST-API,Tokyo-JP,02/15/2023,8
199,Jason Stafford,Software Dev,C++ embed IoT,Singpore,Feb/15/2023,1
200,Robert Hernandez,Software Dev,Excel-Tableau-PBI,Toronto-CA,Feb 15 2023,8
201,Jack Bender,Cloud Engr.,java spring microservices,Paris FR,2023-15-02,3
202,Krista Campbell,Fullstack Dev,django flask REST-API,Toronto-CA,15-02-2023,4
203,Ana Garcia,DevOps Eng,"pythn, sql, sprk","NY, USA",02/15/2023,12
204,Mark Henry,Data Engr.,django flask REST-API,Tokyo-JP,2023.02.15,4
205,David Hughes,Biz Analyst,react node js JS,Sydney/AUS,Feb/15/2023,3
206,Steven Holmes,Cloud Engr.,Excel-Tableau-PBI,Toronto-CA,2023-15-02,4
207,Patrick Haney,Cybersecurity Spec.,C++ embed IoT,"London, United Kingdom",02/15/2023,12
208,Alexander Lopez,Biz Analyst,java spring microservices,Tokyo-JP,15-02-2023,3
209,Daniel Moore,DevOps Eng,"pythn, sql, sprk",Tokyo-JP,2023/02/15,4
210,Jeremy Scott,Proj. Manager,hadoop hive db,"NY, USA","15 Feb, 2023",10
211,Kathy Silva,Software Dev,"pythn, sql, sprk","San Fran, US",02-15-2023,7
212,Robin Steele,Data Scientist,aws k8s terraform,"Mumbai, IND",Feb/15/2023,5
213,Gerald Davenport,Biz Analyst,hadoop hive db,Sydney/AUS,2023/02/15,8
214,Matthew Ramos,DevOps Eng,aws k8s terraform,Toronto-CA,02/15/2023,12
215,Alex Rios,Proj. Manager,cybersecurity net-sec SIEM,"Mumbai, IND",02/15/2023,5
216,Angela Myers,ML Engr.,C++ embed IoT,Sydney/AUS,"15 Feb, 2023",5
217,Danielle Medina,Cybersecurity Spec.,aws k8s terraform,Toronto-CA,15-02-2023,3
218,Adam Jimenez,Proj. Manager,django flask REST-API,Sydney/AUS,15-02-2023,6
219,Paul Espinoza,DevOps Eng,cybersecurity net-sec SIEM,"Mumbai, IND",Feb/15/2023,6
220,Alicia Glover,Data Scientist,django flask REST-API,Sydney/AUS,02-15-2023,5
221,Karen Davis,Biz Analyst,Excel-Tableau-PBI,Paris FR,15/02/23,2
222,Ruben Newton,Cloud Engr.,react node js JS,Sydney/AUS,02-15-2023,12
223,John Jones,Cybersecurity Spec.,aws k8s terraform,Berlin-Germany,2023/02/15,1
224,Mrs. Rebecca Sullivan,Data Scientist,Excel-Tableau-PBI,Toronto-CA,Feb 15 2023,7
225,Ashley Mullins,Software Dev,aws k8s terraform,"San Fran, US",2023/02/15,11
226,Tiffany Bowers,Data Engr.,Excel-Tableau-PBI,Toronto-CA,"15 Feb, 2023",15
227,Sandra Arnold,ML Engr.,C++ embed IoT,"London, United Kingdom",15/02/23,11
228,James Hunt,DevOps Eng,"pythn, sql, sprk",Toronto-CA,02/15/2023,1
229,Melissa Vaughn,Data Scientist,tensorflow pytorch dL,"Mumbai, IND",2023.02.15,12
230,Cynthia Hill,Cybersecurity Spec.,Excel-Tableau-PBI,Toronto-CA,02-15-2023,3
231,Kristopher Peterson,Software Dev,Excel-Tableau-PBI,"Mumbai, IND",Feb 15 2023,13
232,Jennifer Fitzgerald,DevOps Eng,hadoop hive db,Sydney/AUS,15/02/23,14
233,Allison White,Fullstack Dev,hadoop hive db,Sydney/AUS,15-02-2023,3
234,Matthew Martin,Software Dev,hadoop hive db,"Mumbai, IND",2023/02/15,2
235,Jennifer Smith,ML Engr.,java spring microservices,"San Fran, US",2023-15-02,11
236,Alexander Young,Biz Analyst,django flask REST-API,Singpore,2023/02/15,5
237,Tony Larson,Fullstack Dev,cybersecurity net-sec SIEM,"London, United Kingdom",15-02-2023,7
238,Janet Robinson,Software Dev,Excel-Tableau-PBI,"San Fran, US",2023-15-02,14
239,Melvin Bell,Data Scientist,react node js JS,"San Fran, US",2023-15-02,4
240,Tracy Gomez,Cybersecurity Spec.,hadoop hive db,Sydney/AUS,2023/02/15,8
241,Allen Miller,Biz Analyst,"pythn, sql, sprk",Berlin-Germany,Feb/15/2023,9
242,Ashley Hill,Fullstack Dev,django flask REST-API,"London, United Kingdom",02-15-2023,11
243,Danielle Brown,Biz Analyst,django flask REST-API,Paris FR,15/02/23,15
244,Becky Douglas,Cloud Engr.,Excel-Tableau-PBI,"San Fran, US",15-02-2023,8
245,Robert Nicholson,Data Engr.,react node js JS,Sydney/AUS,2023.02.15,8
246,Amanda Reid,Data Engr.,aws k8s terraform,"London, United Kingdom",15/02/23,2
247,Mr. Michael Rowe,Data Engr.,hadoop hive db,Paris FR,15-02-2023,7
248,Christina Fischer,Fullstack Dev,Excel-Tableau-PBI,"London, United Kingdom",2023.02.15,7
249,Karen Deleon,Cybersecurity Spec.,django flask REST-API,"London, United Kingdom",Feb 15 2023,2
250,Casey Taylor,DevOps Eng,aws k8s terraform,"London, United Kingdom",Feb/15/2023,12
251,Michael Pineda,ML Engr.,aws k8s terraform,Paris FR,Feb 15 2023,10
252,Lindsey Terrell,Data Engr.,tensorflow pytorch dL,"Mumbai, IND",2023/02/15,8
253,Amy Silva,Cybersecurity Spec.,cybersecurity net-sec SIEM,Toronto-CA,2023.02.15,8
254,Terri Castro,Data Scientist,django flask REST-API,Singpore,2023/02/15,9
255,Felicia Leblanc,Cybersecurity Spec.,hadoop hive db,"San Fran, US",15/02/23,13
256,Jamie Blevins,Data Scientist,hadoop hive db,"London, United Kingdom",15-02-2023,2
257,John Johnson,Software Dev,java spring microservices,"San Fran, US",2023/02/15,6
258,James Espinoza,DevOps Eng,hadoop hive db,"London, United Kingdom",2023-15-02,12
259,Brian Vazquez,Biz Analyst,java spring microservices,"Mumbai, IND",2023.02.15,14
260,Julie Powell,DevOps Eng,tensorflow pytorch dL,Toronto-CA,2023/02/15,11
261,Valerie Barajas,Data Engr.,aws k8s terraform,Paris FR,2023/02/15,1
262,Jacob Trujillo,Proj. Manager,C++ embed IoT,Sydney/AUS,02-15-2023,7
263,Michael Young,Proj. Manager,"pythn, sql, sprk",Singpore,02/15/2023,6
264,Maureen Bennett,Fullstack Dev,react node js JS,"NY, USA",Feb 15 2023,15
265,David Duncan,Cloud Engr.,C++ embed IoT,Toronto-CA,02-15-2023,8
266,Mathew Porter,Software Dev,aws k8s terraform,Berlin-Germany,2023-15-02,7
267,Jessica Griffith,Data Engr.,react node js JS,Berlin-Germany,2023.02.15,11
268,Christy Johnson,Software Dev,C++ embed IoT,Sydney/AUS,15-02-2023,13
269,Sean Wright,Cybersecurity Spec.,cybersecurity net-sec SIEM,"London, United Kingdom",02/15/2023,3
270,Lynn Munoz,Fullstack Dev,Excel-Tableau-PBI,"NY, USA",15-02-2023,10
271,Patricia Fernandez,Cybersecurity Spec.,aws k8s terraform,Paris FR,02/15/2023,6
272,Timothy Massey,Data Engr.,hadoop hive db,"San Fran, US",15/02/23,11
273,Erik Barry,Biz Analyst,aws k8s terraform,Sydney/AUS,15-02-2023,1
274,Jenna Reyes,Proj. Manager,aws k8s terraform,"Mumbai, IND","15 Feb, 2023",6
275,Christina Fischer,Cloud Engr.,"pythn, sql, sprk",Singpore,2023/02/15,2
276,Brandy Hill,Data Engr.,django flask REST-API,"NY, USA",15/02/23,13
277,Jonathan Johnson,ML Engr.,cybersecurity net-sec SIEM,"San Fran, US",2023.02.15,2
278,Stacey Marsh,Data Engr.,C++ embed IoT,Toronto-CA,02-15-2023,1
279,Roberto Burton,Fullstack Dev,tensorflow pytorch dL,"San Fran, US",2023/02/15,5
280,Richard Bowen,Proj. Manager,java spring microservices,Sydney/AUS,15/02/23,14
281,Teresa Pittman,Cloud Engr.,java spring microservices,"San Fran, US",15/02/23,4
282,Mrs. Lori Hansen,DevOps Eng,react node js JS,"London, United Kingdom",2023-15-02,12
283,Michelle Terry,Data Engr.,react node js JS,Sydney/AUS,15/02/23,7
284,Matthew Edwards,Proj. Manager,cybersecurity net-sec SIEM,Berlin-Germany,Feb/15/2023,6
285,Destiny Mitchell,Proj. Manager,django flask REST-API,Paris FR,02/15/2023,13
286,Linda Perez,Biz Analyst,C++ embed IoT,Toronto-CA,02/15/2023,7
287,Todd Davis,Data Scientist,django flask REST-API,Tokyo-JP,2023-15-02,4
288,Christopher Blair,Data Scientist,C++ embed IoT,Paris FR,02-15-2023,3
289,Lindsey Casey,Cloud Engr.,django flask REST-API,Sydney/AUS,02-15-2023,11
290,Stacey Ballard,ML Engr.,Excel-Tableau-PBI,Paris FR,"15 Feb, 2023",5
291,Tammy Lawson,ML Engr.,hadoop hive db,"San Fran, US",02/15/2023,12
292,Ruth Arias,Cloud Engr.,tensorflow pytorch dL,Toronto-CA,15/02/23,14
293,Matthew Freeman,Fullstack Dev,react node js JS,Toronto-CA,02/15/2023,10
294,Curtis Ruiz,DevOps Eng,react node js JS,Sydney/AUS,2023/02/15,11
295,Stephanie Hamilton,Fullstack Dev,java spring microservices,Paris FR,15-02-2023,6
296,Luis Vaughan,Data Engr.,java spring microservices,Sydney/AUS,2023.02.15,9
297,Brandy Campbell,Cybersecurity Spec.,C++ embed IoT,Toronto-CA,Feb/15/2023,14
298,Mrs. Diana Hodges,Data Scientist,"pythn, sql, sprk",Berlin-Germany,15/02/23,15
299,Joel Mitchell,Software Dev,react node js JS,Singpore,Feb/15/2023,3
300,Alyssa Beck,Biz Analyst,django flask REST-API,"Mumbai, IND",Feb/15/2023,2
301,Peter Beck,Biz Analyst,django flask REST-API,"NY, USA",2023.02.15,5
302,Arthur Schultz,Software Dev,java spring microservices,Singpore,02-15-2023,10
303,Janice Wiley,Data Scientist,"pythn, sql, sprk",Toronto-CA,15/02/23,8
304,Albert Howe,Data Engr.,react node js JS,"NY, USA",2023-15-02,9
305,Patricia Jensen,Proj. Manager,Excel-Tableau-PBI,Toronto-CA,15-02-2023,9
306,Vanessa Conley,Software Dev,django flask REST-API,Sydney/AUS,2023/02/15,9
307,Kristin Thompson,Data Scientist,aws k8s terraform,"Mumbai, IND",Feb/15/2023,11
308,Angie Malone,Data Scientist,hadoop hive db,Berlin-Germany,2023-15-02,13
309,Donald Johnson MD,DevOps Eng,"pythn, sql, sprk",Paris FR,"15 Feb, 2023",9
310,Michelle Delgado,Biz Analyst,java spring microservices,"Mumbai, IND",Feb 15 2023,12
311,William Lynch,Proj. Manager,hadoop hive db,Singpore,Feb 15 2023,6
312,Charles Rogers,Software Dev,aws k8s terraform,"NY, USA",Feb/15/2023,15
313,Michelle Wiley,Proj. Manager,"pythn, sql, sprk",Tokyo-JP,02/15/2023,1
314,Ryan Coleman,DevOps Eng,"pythn, sql, sprk",Singpore,Feb/15/2023,7
315,Jennifer Obrien,Software Dev,tensorflow pytorch dL,"San Fran, US",02/15/2023,9
316,Chad Hayes,Cybersecurity Spec.,Excel-Tableau-PBI,Toronto-CA,15/02/23,9
317,David Acevedo,Data Engr.,"pythn, sql, sprk","San Fran, US",15-02-2023,8
318,Deborah Alexander,Data Engr.,C++ embed IoT,Sydney/AUS,2023-15-02,12
319,Kathryn Brennan,ML Engr.,Excel-Tableau-PBI,Berlin-Germany,"15 Feb, 2023",5
320,Shelby Miller,Data Engr.,C++ embed IoT,Singpore,02-15-2023,13
321,Laura Burns,Data Engr.,hadoop hive db,"NY, USA",02/15/2023,4
322,Lisa Lee,ML Engr.,django flask REST-API,Toronto-CA,15-02-2023,10
323,Theodore Mitchell,DevOps Eng,Excel-Tableau-PBI,"London, United Kingdom",2023/02/15,5
324,Jessica Garcia,Cybersecurity Spec.,django flask REST-API,"NY, USA",2023-15-02,11
325,Eric Warren,Fullstack Dev,hadoop hive db,Paris FR,2023/02/15,8
326,William Williamson,DevOps Eng,django flask REST-API,"NY, USA",2023/02/15,12
327,Jamie Hunter,DevOps Eng,django flask REST-API,Paris FR,Feb 15 2023,7
328,Jonathan Lester,Biz Analyst,Excel-Tableau-PBI,Berlin-Germany,2023-15-02,9
329,Lauren Rich,Proj. Manager,C++ embed IoT,Singpore,2023.02.15,8
330,Andrew Perez,Cloud Engr.,cybersecurity net-sec SIEM,Toronto-CA,2023/02/15,12
331,Keith Jones,Data Engr.,react node js JS,"San Fran, US",15-02-2023,6
332,William Flowers,Cloud Engr.,react node js JS,Tokyo-JP,15-02-2023,8
333,Richard Thompson,Proj. Manager,Excel-Tableau-PBI,Paris FR,2023.02.15,3
334,Jeffrey Kidd,ML Engr.,cybersecurity net-sec SIEM,Toronto-CA,15-02-2023,14
335,Elizabeth Peck,Data Engr.,django flask REST-API,Paris FR,2023-15-02,10
336,Aaron Osborne,Cybersecurity Spec.,django flask REST-API,Tokyo-JP,15-02-2023,4
337,Sue Owens,ML Engr.,C++ embed IoT,Berlin-Germany,Feb 15 2023,3
338,Dr. Isaac Contreras,Fullstack Dev,aws k8s terraform,"San Fran, US",Feb/15/2023,2
339,Timothy Webb,Proj. Manager,cybersecurity net-sec SIEM,"NY, USA",02-15-2023,6
340,Jonathan Estrada,DevOps Eng,java spring microservices,Berlin-Germany,"15 Feb, 2023",15
341,Hayden Torres,Biz Analyst,aws k8s terraform,"NY, USA",02/15/2023,7
342,Megan Bates,Data Engr.,Excel-Tableau-PBI,"San Fran, US",02-15-2023,3
343,Charles Olson,Data Engr.,Excel-Tableau-PBI,Berlin-Germany,02-15-2023,7
344,Scott Reynolds,Biz Analyst,Excel-Tableau-PBI,"London, United Kingdom",2023/02/15,13
345,Christopher Sanchez,Proj. Manager,C++ embed IoT,Berlin-Germany,"15 Feb, 2023",10
346,Christian Evans,Proj. Manager,C++ embed IoT,Singpore,2023.02.15,9
347,Joel Herrera,DevOps Eng,java spring microservices,Toronto-CA,Feb/15/2023,3
348,Anthony Gregory,Software Dev,"pythn, sql, sprk",Tokyo-JP,"15 Feb, 2023",14
349,Robert Bryant,Fullstack Dev,tensorflow pytorch dL,Toronto-CA,Feb 15 2023,14
350,Mrs. Zoe Burch,Biz Analyst,cybersecurity net-sec SIEM,"Mumbai, IND",02/15/2023,12
351,Tracey Clark,Software Dev,tensorflow pytorch dL,Toronto-CA,02/15/2023,12
352,Mr. Russell Smith,Cloud Engr.,django flask REST-API,"London, United Kingdom",02-15-2023,2
353,Theresa Salazar,Software Dev,java spring microservices,"London, United Kingdom",Feb 15 2023,9
354,Beth Hardin,Data Engr.,"pythn, sql, sprk",Sydney/AUS,"15 Feb, 2023",8
355,Kyle Wall,Data Scientist,react node js JS,Toronto-CA,Feb 15 2023,2
356,Gloria Moss,Fullstack Dev,django flask REST-API,Toronto-CA,2023.02.15,10
357,Michael Flores,Proj. Manager,C++ embed IoT,Tokyo-JP,02-15-2023,6
358,Patrick Johnson,DevOps Eng,Excel-Tableau-PBI,Berlin-Germany,"15 Feb, 2023",3
359,Michael Mendoza,Fullstack Dev,java spring microservices,Toronto-CA,15/02/23,4
360,Ryan Wilkerson,Biz Analyst,hadoop hive db,Paris FR,15-02-2023,9
361,Melissa Lara,Data Engr.,hadoop hive db,Toronto-CA,"15 Feb, 2023",12
362,Tammy Williams,Data Scientist,java spring microservices,Singpore,02-15-2023,1
363,Dr. Michael Thompson,Data Scientist,"pythn, sql, sprk",Singpore,2023/02/15,4
364,Sarah Barry,Data Engr.,tensorflow pytorch dL,Singpore,15/02/23,3
365,Richard Eaton,Cloud Engr.,java spring microservices,Berlin-Germany,02/15/2023,3
366,Lisa Lyons,Proj. Manager,"pythn, sql, sprk",Berlin-Germany,02-15-2023,10
367,Meagan Gutierrez,Cloud Engr.,tensorflow pytorch dL,Tokyo-JP,02/15/2023,1
368,Kayla Miller,Proj. Manager,django flask REST-API,Sydney/AUS,2023.02.15,1
369,Paul Ruiz,Proj. Manager,Excel-Tableau-PBI,Toronto-CA,02/15/2023,3
370,Joshua Hodges,Cybersecurity Spec.,java spring microservices,Toronto-CA,Feb 15 2023,10
371,Jessica Evans,Software Dev,tensorflow pytorch dL,Berlin-Germany,Feb/15/2023,13
372,Rodney Moon,ML Engr.,tensorflow pytorch dL,"San Fran, US",Feb 15 2023,5
373,Jeffrey Reyes,ML Engr.,C++ embed IoT,Berlin-Germany,15-02-2023,8
374,Brent Watkins,Cybersecurity Spec.,django flask REST-API,Paris FR,"15 Feb, 2023",10
375,Emily Salinas,Cloud Engr.,java spring microservices,"London, United Kingdom","15 Feb, 2023",1
376,Donna Summers,ML Engr.,aws k8s terraform,"Mumbai, IND",02/15/2023,15
377,Angela Baker,Cybersecurity Spec.,"pythn, sql, sprk",Berlin-Germany,"15 Feb, 2023",13
378,Barbara Wilson,Data Engr.,django flask REST-API,"San Fran, US",Feb 15 2023,15
379,Anthony Berry,Proj. Manager,aws k8s terraform,"London, United Kingdom",2023.02.15,4
380,Carla Burton,Data Scientist,Excel-Tableau-PBI,"San Fran, US",2023.02.15,7
381,Rachel Gomez,Data Scientist,aws k8s terraform,"San Fran, US",2023.02.15,3
382,Kimberly Johnston,Fullstack Dev,aws k8s terraform,Singpore,Feb/15/2023,7
383,Frederick Barrett,Fullstack Dev,aws k8s terraform,"NY, USA",2023/02/15,5
384,Christy Olsen,Biz Analyst,C++ embed IoT,"NY, USA",2023-15-02,12
385,James King,ML Engr.,react node js JS,Toronto-CA,02/15/2023,6
386,Amy Hernandez,Software Dev,tensorflow pytorch dL,Toronto-CA,15-02-2023,5
387,Alan Harrison,Data Scientist,java spring microservices,Toronto-CA,2023/02/15,3
388,Mr. Steven Horton DDS,ML Engr.,cybersecurity net-sec SIEM,"Mumbai, IND","15 Feb, 2023",9
389,Joshua Benjamin,DevOps Eng,java spring microservices,Berlin-Germany,2023-15-02,11
390,Lisa Dennis,Cybersecurity Spec.,tensorflow pytorch dL,"San Fran, US",2023.02.15,8
391,Steve Sanchez,Biz Analyst,hadoop hive db,Toronto-CA,15-02-2023,9
392,Matthew Fletcher,Fullstack Dev,django flask REST-API,Tokyo-JP,2023-15-02,14
393,Amanda Sanchez,ML Engr.,cybersecurity net-sec SIEM,Tokyo-JP,15-02-2023,8
394,Erik Potts,Data Scientist,aws k8s terraform,Toronto-CA,Feb 15 2023,14
395,Adam Robinson,Cloud Engr.,hadoop hive db,Singpore,2023-15-02,6
396,Mr. William Russell,Cloud Engr.,react node js JS,"London, United Kingdom",Feb/15/2023,4
397,Erin Garza,Data Scientist,hadoop hive db,Tokyo-JP,Feb 15 2023,14
398,Cheyenne Rush,Data Engr.,cybersecurity net-sec SIEM,Paris FR,2023/02/15,14
399,Linda Estrada,Cloud Engr.,aws k8s terraform,"London, United Kingdom",2023.02.15,1
400,Thomas Hess,Data Scientist,tensorflow pytorch dL,Toronto-CA,"15 Feb, 2023",10
401,Anthony Fisher,Data Engr.,C++ embed IoT,Berlin-Germany,2023/02/15,4
402,Michael Schmidt,Software Dev,C++ embed IoT,"San Fran, US",Feb 15 2023,7
403,Kenneth Thompson,Proj. Manager,tensorflow pytorch dL,"London, United Kingdom",2023/02/15,4
404,Gavin Wolfe,Fullstack Dev,aws k8s terraform,Tokyo-JP,"15 Feb, 2023",5
405,Sarah Stanley,Fullstack Dev,Excel-Tableau-PBI,Tokyo-JP,02-15-2023,5
406,Cheryl Black,Data Engr.,Excel-Tableau-PBI,"Mumbai, IND",Feb/15/2023,2
407,Laura Lee,Fullstack Dev,java spring microservices,Paris FR,Feb/15/2023,2
408,Lauren Lopez,Biz Analyst,cybersecurity net-sec SIEM,"San Fran, US",Feb/15/2023,6
409,Miranda Rivera,Software Dev,C++ embed IoT,Singpore,2023-15-02,12
410,Allison Santos,Cloud Engr.,tensorflow pytorch dL,Toronto-CA,15-02-2023,6
411,Mrs. Kristin Buchanan,Cybersecurity Spec.,tensorflow pytorch dL,"London, United Kingdom",15/02/23,13
412,Gabriel Snyder,Cloud Engr.,C++ embed IoT,Tokyo-JP,02-15-2023,9
413,Henry Sanders,DevOps Eng,django flask REST-API,Sydney/AUS,15/02/23,4
414,Mr. Lucas Hunt,Cloud Engr.,django flask REST-API,"NY, USA",02-15-2023,6
415,Samantha Parsons,ML Engr.,aws k8s terraform,"San Fran, US",2023-15-02,12
416,Angel Davis,Data Scientist,django flask REST-API,Paris FR,"15 Feb, 2023",9
417,Caitlin Gomez,ML Engr.,C++ embed IoT,Berlin-Germany,Feb 15 2023,14
418,Evelyn George,DevOps Eng,java spring microservices,Sydney/AUS,2023.02.15,8
419,Robert Roberts,ML Engr.,java spring microservices,"San Fran, US",Feb 15 2023,10
420,Mitchell Dickerson DDS,Data Scientist,aws k8s terraform,Singpore,2023/02/15,6
421,Loretta Escobar,Data Scientist,C++ embed IoT,Sydney/AUS,2023.02.15,3
422,Tammy Heath,Data Engr.,django flask REST-API,Berlin-Germany,Feb/15/2023,3
423,Clayton Campos,ML Engr.,C++ embed IoT,"NY, USA",15/02/23,6
424,Kenneth Sexton,Fullstack Dev,tensorflow pytorch dL,Toronto-CA,02-15-2023,5
425,Linda Patton,Software Dev,hadoop hive db,Toronto-CA,2023/02/15,3
426,Marissa Newton,Software Dev,java spring microservices,Sydney/AUS,"15 Feb, 2023",7
427,Ana Meadows,Data Scientist,aws k8s terraform,Toronto-CA,02/15/2023,4
428,Ian Matthews,Cloud Engr.,tensorflow pytorch dL,"NY, USA",02/15/2023,14
429,Robert Gonzales,Data Engr.,java spring microservices,"NY, USA","15 Feb, 2023",14
430,Kimberly Brown,Proj. Manager,Excel-Tableau-PBI,"NY, USA",2023/02/15,7
431,Steven Clayton,Software Dev,Excel-Tableau-PBI,Berlin-Germany,"15 Feb, 2023",13
432,Kyle Brewer,Proj. Manager,java spring microservices,Berlin-Germany,15/02/23,12
433,Stacy Payne,Biz Analyst,tensorflow pytorch dL,Tokyo-JP,2023-15-02,14
434,Edward Ward,Data Scientist,Excel-Tableau-PBI,Singpore,02/15/2023,1
435,Diana Stewart,DevOps Eng,java spring microservices,Sydney/AUS,Feb 15 2023,5
436,Bradley Coleman,ML Engr.,Excel-Tableau-PBI,"Mumbai, IND",2023-15-02,4
437,Gina White,Data Engr.,cybersecurity net-sec SIEM,Tokyo-JP,15-02-2023,13
438,Benjamin Martinez,DevOps Eng,java spring microservices,Paris FR,15/02/23,13
439,Amanda Boyer,Data Scientist,Excel-Tableau-PBI,"San Fran, US",2023.02.15,10
440,Rachel Smith,ML Engr.,C++ embed IoT,"San Fran, US",02-15-2023,1
441,James Johnston,Fullstack Dev,"pythn, sql, sprk",Sydney/AUS,"15 Feb, 2023",1
442,Julia Gibson,Proj. Manager,aws k8s terraform,Sydney/AUS,"15 Feb, 2023",4
443,Cynthia Kennedy,DevOps Eng,cybersecurity net-sec SIEM,"NY, USA",02/15/2023,7
444,Darlene Rodgers,Proj. Manager,cybersecurity net-sec SIEM,Singpore,Feb/15/2023,1
445,Seth Riley,Biz Analyst,django flask REST-API,Tokyo-JP,15/02/23,5
446,Patricia Chaney,DevOps Eng,cybersecurity net-sec SIEM,Toronto-CA,2023.02.15,10
447,Douglas Tucker,Cybersecurity Spec.,hadoop hive db,"Mumbai, IND",2023-15-02,4
448,Matthew Mitchell,Data Scientist,cybersecurity net-sec SIEM,Sydney/AUS,02/15/2023,13
449,Shannon Elliott,Proj. Manager,react node js JS,Berlin-Germany,02-15-2023,8
450,Bryce Russell,Cloud Engr.,cybersecurity net-sec SIEM,Singpore,15/02/23,4
451,Cheryl West,Software Dev,"pythn, sql, sprk",Singpore,15/02/23,15
452,Linda Warren,Fullstack Dev,react node js JS,"Mumbai, IND",2023-15-02,10
453,Alexis Logan,Proj. Manager,hadoop hive db,Singpore,02-15-2023,4
454,Julie Levy,Data Scientist,tensorflow pytorch dL,"Mumbai, IND",2023-15-02,11
455,Alyssa Hill,Proj. Manager,aws k8s terraform,"NY, USA",2023/02/15,7
456,Miguel Schmitt,Data Scientist,C++ embed IoT,"San Fran, US",02/15/2023,3
457,Robert Alvarez MD,Biz Analyst,aws k8s terraform,Sydney/AUS,2023.02.15,2
458,April Kelly,Fullstack Dev,C++ embed IoT,Sydney/AUS,2023.02.15,5
459,Ethan Bailey,Cloud Engr.,tensorflow pytorch dL,Berlin-Germany,15/02/23,13
460,Melissa White,ML Engr.,Excel-Tableau-PBI,"London, United Kingdom",15/02/23,15
461,Nicholas Frank,Software Dev,java spring microservices,Toronto-CA,02/15/2023,13
462,April Collins,Cybersecurity Spec.,react node js JS,"Mumbai, IND",2023-15-02,13
463,Thomas Ortega,Cloud Engr.,cybersecurity net-sec SIEM,"Mumbai, IND","15 Feb, 2023",4
464,Richard Young,DevOps Eng,cybersecurity net-sec SIEM,"London, United Kingdom",2023.02.15,1
465,Sandra Kennedy,Software Dev,tensorflow pytorch dL,Berlin-Germany,"15 Feb, 2023",4
466,Courtney Gardner,ML Engr.,cybersecurity net-sec SIEM,"NY, USA","15 Feb, 2023",15
467,Christopher Moore,Software Dev,django flask REST-API,Toronto-CA,Feb/15/2023,15
468,James Cook,Cybersecurity Spec.,"pythn, sql, sprk","London, United Kingdom",Feb/15/2023,5
469,Christopher Mathis,ML Engr.,aws k8s terraform,Paris FR,Feb 15 2023,9
470,Jennifer Wade,Data Engr.,Excel-Tableau-PBI,"Mumbai, IND",Feb/15/2023,9
471,Bryan Bowen,Cybersecurity Spec.,hadoop hive db,Singpore,02/15/2023,11
472,Francisco Dominguez,DevOps Eng,aws k8s terraform,Tokyo-JP,15-02-2023,15
473,Daniel White,Data Scientist,"pythn, sql, sprk",Tokyo-JP,2023-15-02,11
474,Diana Mitchell,Cloud Engr.,django flask REST-API,"NY, USA",02/15/2023,13
475,Don Gamble,ML Engr.,java spring microservices,"NY, USA","15 Feb, 2023",11
476,Brandon White,Cloud Engr.,django flask REST-API,Toronto-CA,15/02/23,8
477,Kristen Hicks,Cybersecurity Spec.,tensorflow pytorch dL,"San Fran, US",2023.02.15,11
478,Jacqueline Meyer,Fullstack Dev,react node js JS,Tokyo-JP,02-15-2023,2
479,Sarah Williams,Proj. Manager,"pythn, sql, sprk",Tokyo-JP,2023/02/15,10
480,Bryan Nelson,Biz Analyst,hadoop hive db,Sydney/AUS,2023.02.15,6
481,Roger Hanson,Software Dev,"pythn, sql, sprk",Singpore,2023-15-02,1
482,Amy Garcia,Proj. Manager,"pythn, sql, sprk","London, United Kingdom",2023-15-02,11
483,Mary Melendez,Fullstack Dev,react node js JS,Tokyo-JP,15/02/23,13
484,Travis Wilson,ML Engr.,django flask REST-API,Sydney/AUS,Feb/15/2023,9
485,Brian Paul,Cloud Engr.,hadoop hive db,Paris FR,Feb/15/2023,4
486,Curtis Brown,ML Engr.,java spring microservices,"San Fran, US",15/02/23,6
487,Nicholas Fletcher,ML Engr.,"pythn, sql, sprk","San Fran, US","15 Feb, 2023",15
488,Isaiah Howell,Biz Analyst,aws k8s terraform,"Mumbai, IND","15 Feb, 2023",5
489,Richard Dixon,Software Dev,java spring microservices,Singpore,02-15-2023,15
490,William Jacobson,ML Engr.,cybersecurity net-sec SIEM,Toronto-CA,2023-15-02,1
491,Ashley Phillips,Cybersecurity Spec.,cybersecurity net-sec SIEM,Sydney/AUS,15/02/23,15
492,Carrie Valdez,Fullstack Dev,java spring microservices,Paris FR,15/02/23,15
493,William Weaver,Proj. Manager,react node js JS,Tokyo-JP,2023/02/15,4
494,Ashley Beard,Data Engr.,aws k8s terraform,Paris FR,15-02-2023,2
495,Bryan Hays,ML Engr.,C++ embed IoT,Sydney/AUS,15-02-2023,12
496,Jason Lyons,DevOps Eng,django flask REST-API,Singpore,02-15-2023,9
497,Melissa Gibson,DevOps Eng,java spring microservices,"NY, USA",Feb 15 2023,2
498,Tamara Herrera,Data Engr.,django flask REST-API,Tokyo-JP,02-15-2023,12
499,Sarah Wall,Cybersecurity Spec.,hadoop hive db,Toronto-CA,2023/02/15,1
500,Deanna Roberts,Cloud Engr.,cybersecurity net-sec SIEM,Paris FR,2023.02.15,11
501,Gavin Price,DevOps Eng,hadoop hive db,"San Fran, US",Feb 15 2023,6
502,Victoria Sanchez,DevOps Eng,C++ embed IoT,Tokyo-JP,"15 Feb, 2023",5
503,Dr. Matthew Grant,Data Scientist,aws k8s terraform,"NY, USA","15 Feb, 2023",10
504,Tyler Smith,Proj. Manager,django flask REST-API,Berlin-Germany,15/02/23,3
505,Pamela Chavez,Data Engr.,cybersecurity net-sec SIEM,Singpore,2023.02.15,7
506,Charles Phillips,Cloud Engr.,tensorflow pytorch dL,Toronto-CA,02/15/2023,4
507,Bryan Choi,Data Scientist,aws k8s terraform,"San Fran, US",02/15/2023,11
508,Charles Phillips,Software Dev,aws k8s terraform,Paris FR,15/02/23,3
509,Eric Medina,Data Engr.,"pythn, sql, sprk","Mumbai, IND",Feb 15 2023,6
510,Billy Collins,Fullstack Dev,java spring microservices,Sydney/AUS,2023/02/15,1
511,Amanda Gutierrez,Cybersecurity Spec.,aws k8s terraform,Singpore,15/02/23,3
512,Anthony Carpenter,Cloud Engr.,tensorflow pytorch dL,Singpore,2023/02/15,12
513,Tony White Jr.,DevOps Eng,aws k8s terraform,"Mumbai, IND",2023/02/15,8
514,Valerie Mcdonald,Cloud Engr.,java spring microservices,Toronto-CA,15-02-2023,10
515,Jonathan Banks,Software Dev,tensorflow pytorch dL,Paris FR,Feb 15 2023,5
516,Whitney Moore,Data Scientist,C++ embed IoT,Tokyo-JP,02-15-2023,8
517,Matthew Sutton,DevOps Eng,"pythn, sql, sprk","Mumbai, IND","15 Feb, 2023",5
518,Charlene Moore,Data Engr.,react node js JS,"London, United Kingdom",02/15/2023,14
519,Sabrina King,Data Scientist,java spring microservices,Tokyo-JP,2023/02/15,6
520,Kelly Mitchell,Cybersecurity Spec.,react node js JS,"San Fran, US",15/02/23,5
521,Alexandra Hernandez,Software Dev,Excel-Tableau-PBI,Sydney/AUS,02-15-2023,1
522,Joan Rubio,Cybersecurity Spec.,hadoop hive db,"San Fran, US",15/02/23,5
523,Mr. Charles Johnson,Data Engr.,java spring microservices,Singpore,"15 Feb, 2023",1
524,Mr. Charles Chapman,Data Scientist,react node js JS,Toronto-CA,15/02/23,12
525,Jacob Mathews,Proj. Manager,Excel-Tableau-PBI,Tokyo-JP,Feb/15/2023,10
526,David Rodriguez,Proj. Manager,cybersecurity net-sec SIEM,"San Fran, US",Feb/15/2023,5
527,Katherine Price,Data Engr.,django flask REST-API,Tokyo-JP,15/02/23,2
528,Cameron Rogers,Cybersecurity Spec.,C++ embed IoT,"NY, USA",2023.02.15,8
529,Ryan Mason,Biz Analyst,react node js JS,Sydney/AUS,2023.02.15,6
530,Marc Rich,Biz Analyst,java spring microservices,Paris FR,15/02/23,5
531,Maurice Hudson,Data Engr.,java spring microservices,Berlin-Germany,15-02-2023,2
532,David Fuller,Cloud Engr.,cybersecurity net-sec SIEM,Sydney/AUS,Feb 15 2023,11
533,Scott Shaw,Proj. Manager,django flask REST-API,Singpore,02/15/2023,13
534,Stephanie Smith,Proj. Manager,django flask REST-API,Singpore,02-15-2023,4
535,Heather Rivera,Fullstack Dev,Excel-Tableau-PBI,Berlin-Germany,"15 Feb, 2023",15
536,Karen Parker,DevOps Eng,hadoop hive db,Sydney/AUS,2023.02.15,3
537,Grace Butler,Data Scientist,cybersecurity net-sec SIEM,"NY, USA",02-15-2023,5
538,Samantha Baxter,Fullstack Dev,"pythn, sql, sprk",Tokyo-JP,Feb/15/2023,5
539,David Finley,ML Engr.,aws k8s terraform,Paris FR,2023-15-02,13
540,Elizabeth Bridges,Cybersecurity Spec.,django flask REST-API,Tokyo-JP,02/15/2023,2
541,Jason Hammond,Fullstack Dev,aws k8s terraform,Tokyo-JP,15-02-2023,11
542,Richard Pope,Software Dev,java spring microservices,Berlin-Germany,02/15/2023,12
543,Amy Newman,Fullstack Dev,C++ embed IoT,Paris FR,2023.02.15,4
544,Michele Sherman,Data Engr.,hadoop hive db,Singpore,02-15-2023,10
545,Kayla Mendez,ML Engr.,Excel-Tableau-PBI,Tokyo-JP,Feb/15/2023,5
546,Tommy Rosario,Biz Analyst,react node js JS,Tokyo-JP,02/15/2023,12
547,Steve Reilly,Biz Analyst,hadoop hive db,Berlin-Germany,"15 Feb, 2023",2
548,Jeff Moore,Proj. Manager,Excel-Tableau-PBI,Singpore,15/02/23,7
549,Jennifer Cowan,Data Engr.,django flask REST-API,"London, United Kingdom","15 Feb, 2023",13
550,Alexandra Martin,Proj. Manager,django flask REST-API,"San Fran, US",02/15/2023,7
551,April Rose,Proj. Manager,tensorflow pytorch dL,Sydney/AUS,15/02/23,5
552,Clifford Green,Cloud Engr.,aws k8s terraform,Berlin-Germany,15/02/23,10
553,William Avery,Software Dev,hadoop hive db,Tokyo-JP,15-02-2023,2
554,Kelly Scott,ML Engr.,django flask REST-API,Berlin-Germany,Feb 15 2023,6
555,Amy Thomas,Data Scientist,django flask REST-API,"Mumbai, IND",15/02/23,2
556,David Gardner,Data Engr.,java spring microservices,"San Fran, US",2023.02.15,1
557,Brian Watson,Proj. Manager,aws k8s terraform,"San Fran, US","15 Feb, 2023",11
558,Jennifer Bernard,Proj. Manager,django flask REST-API,Berlin-Germany,15-02-2023,6
559,Nicole Miller,Proj. Manager,Excel-Tableau-PBI,Tokyo-JP,15/02/23,11
560,Joshua Patton,Cybersecurity Spec.,java spring microservices,Paris FR,Feb/15/2023,15
561,Lauren Cortez,Data Scientist,Excel-Tableau-PBI,"Mumbai, IND",2023-15-02,11
562,Melissa Rivera,DevOps Eng,"pythn, sql, sprk","NY, USA",2023-15-02,15
563,Douglas Larsen,Software Dev,hadoop hive db,Berlin-Germany,15/02/23,11
564,Joseph Reyes,Proj. Manager,hadoop hive db,Tokyo-JP,15/02/23,12
565,Peter Alvarez,Software Dev,tensorflow pytorch dL,"Mumbai, IND",Feb 15 2023,2
566,Elizabeth Hatfield,Software Dev,java spring microservices,"London, United Kingdom",2023.02.15,1
567,Brenda Wagner,Data Engr.,Excel-Tableau-PBI,Sydney/AUS,2023-15-02,8
568,Jennifer Oconnell,Cloud Engr.,java spring microservices,"NY, USA",Feb 15 2023,1
569,Joanna West,ML Engr.,react node js JS,Tokyo-JP,Feb/15/2023,6
570,Hayden Mccann,Proj. Manager,cybersecurity net-sec SIEM,"San Fran, US",15-02-2023,12
571,Diane Young,Proj. Manager,java spring microservices,Berlin-Germany,Feb 15 2023,6
572,Mario Doyle,DevOps Eng,aws k8s terraform,Singpore,02/15/2023,15
573,Shannon Brown,Biz Analyst,Excel-Tableau-PBI,Paris FR,2023-15-02,3
574,Valerie Castillo,Fullstack Dev,react node js JS,Toronto-CA,"15 Feb, 2023",3
575,Tina Johnson,Biz Analyst,cybersecurity net-sec SIEM,"London, United Kingdom",15/02/23,5
576,James Rodriguez,Data Engr.,hadoop hive db,Toronto-CA,02-15-2023,15
577,Tyler Beltran,ML Engr.,cybersecurity net-sec SIEM,Toronto-CA,2023/02/15,7
578,Leah Leonard,ML Engr.,django flask REST-API,Paris FR,Feb/15/2023,14
579,Stephanie Bennett,Cloud Engr.,java spring microservices,Paris FR,"15 Feb, 2023",1
580,Summer Cunningham,Fullstack Dev,java spring microservices,Singpore,15-02-2023,10
581,Jeffrey Mullen,ML Engr.,Excel-Tableau-PBI,Toronto-CA,2023/02/15,9
582,Monica Bowers,DevOps Eng,tensorflow pytorch dL,Paris FR,Feb 15 2023,1
583,Samantha Walters,Data Scientist,react node js JS,Tokyo-JP,2023.02.15,10
584,Kristina Quinn,Cloud Engr.,hadoop hive db,"Mumbai, IND",02/15/2023,2
585,Daniel Dickerson,Fullstack Dev,tensorflow pytorch dL,Berlin-Germany,15/02/23,12
586,Andrea Wood,Data Scientist,C++ embed IoT,Sydney/AUS,"15 Feb, 2023",11
587,Benjamin Coleman,Software Dev,tensorflow pytorch dL,Tokyo-JP,15-02-2023,6
588,James Boyer,Fullstack Dev,tensorflow pytorch dL,Singpore,"15 Feb, 2023",15
589,James Klein,ML Engr.,hadoop hive db,Sydney/AUS,02/15/2023,1
590,Julia Burnett,Software Dev,aws k8s terraform,Singpore,2023/02/15,7
591,Andrea Glass,Software Dev,tensorflow pytorch dL,Tokyo-JP,15/02/23,1
592,Johnathan Clements,Data Engr.,tensorflow pytorch dL,"San Fran, US",02/15/2023,5
593,Michael Becker,Data Engr.,hadoop hive db,Tokyo-JP,15-02-2023,10
594,Lisa Mccoy,Data Engr.,django flask REST-API,Paris FR,02/15/2023,4
595,Cathy Hampton,Data Scientist,java spring microservices,"London, United Kingdom",Feb/15/2023,4
596,William Mills,Biz Analyst,hadoop hive db,"London, United Kingdom",Feb/15/2023,12
597,Peter Howell MD,Data Scientist,hadoop hive db,"San Fran, US","15 Feb, 2023",10
598,Randall Hawkins,Data Scientist,C++ embed IoT,"San Fran, US",2023/02/15,15
599,Mary Martin,Cybersecurity Spec.,Excel-Tableau-PBI,"NY, USA","15 Feb, 2023",2
600,Mary Schmidt,DevOps Eng,java spring microservices,"London, United Kingdom",2023/02/15,7
601,Matthew Russell,DevOps Eng,Excel-Tableau-PBI,Tokyo-JP,2023-15-02,8
602,Kayla Day,Cybersecurity Spec.,java spring microservices,"NY, USA",15/02/23,4
603,Janet Fields,Fullstack Dev,"pythn, sql, sprk","London, United Kingdom",2023-15-02,14
604,Sabrina Jensen,Fullstack Dev,django flask REST-API,Berlin-Germany,02/15/2023,10
605,Jason Carter,Data Engr.,react node js JS,"London, United Kingdom","15 Feb, 2023",6
606,Michelle Allen,Fullstack Dev,Excel-Tableau-PBI,Berlin-Germany,2023-15-02,8
607,Michael Gamble,Fullstack Dev,cybersecurity net-sec SIEM,Tokyo-JP,2023.02.15,6
608,Marco Lyons,Cybersecurity Spec.,django flask REST-API,"NY, USA",2023/02/15,4
609,Crystal Clarke,DevOps Eng,java spring microservices,Paris FR,Feb 15 2023,2
610,Lisa Fields,DevOps Eng,C++ embed IoT,Paris FR,"15 Feb, 2023",1
611,Jorge Moore,DevOps Eng,C++ embed IoT,Sydney/AUS,2023.02.15,6
612,Bruce Vincent,Cloud Engr.,tensorflow pytorch dL,"San Fran, US",2023-15-02,3
613,Jerry Watson,Fullstack Dev,hadoop hive db,Paris FR,Feb/15/2023,8
614,Krystal Guerrero,Fullstack Dev,"pythn, sql, sprk",Paris FR,Feb/15/2023,12
615,Latasha Davenport,DevOps Eng,hadoop hive db,"San Fran, US",Feb/15/2023,8
616,Sara Nelson,Biz Analyst,cybersecurity net-sec SIEM,"Mumbai, IND",Feb/15/2023,6
617,Jamie Murphy,Biz Analyst,cybersecurity net-sec SIEM,Sydney/AUS,02-15-2023,11
618,Wendy Jones,Biz Analyst,cybersecurity net-sec SIEM,"London, United Kingdom",02/15/2023,10
619,Gerald Davila,Cloud Engr.,aws k8s terraform,Berlin-Germany,02/15/2023,4
620,Kayla Gordon,DevOps Eng,C++ embed IoT,"Mumbai, IND",Feb 15 2023,7
621,Tara Gordon,Biz Analyst,java spring microservices,"NY, USA",Feb 15 2023,8
622,Kristin Graham,ML Engr.,cybersecurity net-sec SIEM,"Mumbai, IND",2023/02/15,3
623,Matthew Mendoza,Cloud Engr.,java spring microservices,Tokyo-JP,2023.02.15,11
624,Thomas Tucker,DevOps Eng,C++ embed IoT,Tokyo-JP,2023.02.15,2
625,Kristin Cox,Software Dev,react node js JS,"NY, USA",02/15/2023,7
626,Todd Olson,Data Engr.,react node js JS,"NY, USA",Feb/15/2023,2
627,Alexander Osborne,Data Engr.,hadoop hive db,Toronto-CA,Feb/15/2023,6
628,Joel Dillon,DevOps Eng,java spring microservices,"London, United Kingdom",02-15-2023,13
629,Brittany Smith,Fullstack Dev,Excel-Tableau-PBI,"Mumbai, IND",2023/02/15,13
630,Joshua Todd,Proj. Manager,react node js JS,Sydney/AUS,Feb 15 2023,4
631,Stephen Robinson,DevOps Eng,react node js JS,Paris FR,Feb/15/2023,8
632,Briana Chambers,Proj. Manager,Excel-Tableau-PBI,Tokyo-JP,2023/02/15,12
633,Casey Chavez,Data Engr.,tensorflow pytorch dL,Toronto-CA,02/15/2023,13
634,Kelly Boyd,Proj. Manager,java spring microservices,Toronto-CA,Feb/15/2023,6
635,Janice Barrera,Cybersecurity Spec.,aws k8s terraform,"NY, USA",Feb 15 2023,4
636,Janet Cross,Cloud Engr.,hadoop hive db,Tokyo-JP,2023.02.15,6
637,Wanda Randall MD,DevOps Eng,Excel-Tableau-PBI,"NY, USA",2023.02.15,8
638,Mr. Cody Burns MD,DevOps Eng,django flask REST-API,Toronto-CA,02-15-2023,9
639,Michael Hill,Cybersecurity Spec.,C++ embed IoT,"NY, USA",2023.02.15,13
640,Kevin Henson,Biz Analyst,hadoop hive db,Sydney/AUS,Feb/15/2023,8
641,Billy Gilbert,ML Engr.,java spring microservices,Toronto-CA,"15 Feb, 2023",6
642,Sean Tran,Software Dev,django flask REST-API,Berlin-Germany,2023/02/15,10
643,Tanner Logan,Cloud Engr.,tensorflow pytorch dL,"San Fran, US",2023-15-02,12
644,Chelsea Rivera,DevOps Eng,hadoop hive db,"NY, USA",02-15-2023,6
645,Rebecca Haas,ML Engr.,C++ embed IoT,Tokyo-JP,"15 Feb, 2023",5
646,James Underwood,DevOps Eng,C++ embed IoT,Tokyo-JP,15-02-2023,4
647,Angela Hughes,Cloud Engr.,django flask REST-API,Singpore,Feb 15 2023,1
648,Joseph Richard,Cloud Engr.,hadoop hive db,"San Fran, US",15/02/23,12
649,Chelsea Rosario,Fullstack Dev,aws k8s terraform,"NY, USA","15 Feb, 2023",11
650,Kathryn Leonard,Software Dev,django flask REST-API,Berlin-Germany,2023.02.15,11
651,Lisa Weber,Biz Analyst,tensorflow pytorch dL,Toronto-CA,2023-15-02,8
652,Grace Herman,Fullstack Dev,aws k8s terraform,"NY, USA",Feb/15/2023,11
653,Casey Choi,Software Dev,C++ embed IoT,"San Fran, US",Feb 15 2023,3
654,William Mcgee,DevOps Eng,aws k8s terraform,"San Fran, US",2023/02/15,14
655,Amanda Glover,Proj. Manager,cybersecurity net-sec SIEM,"San Fran, US",2023.02.15,1
656,Matthew Thomas,Biz Analyst,Excel-Tableau-PBI,"San Fran, US",15-02-2023,12
657,Jacob Williams,Data Engr.,aws k8s terraform,"Mumbai, IND",15-02-2023,11
658,Darrell Bowers,DevOps Eng,C++ embed IoT,Tokyo-JP,"15 Feb, 2023",8
659,Ryan Pugh,Cloud Engr.,hadoop hive db,"London, United Kingdom","15 Feb, 2023",12
660,Mrs. Tracey Thomas,Biz Analyst,aws k8s terraform,Berlin-Germany,15/02/23,15
661,Richard Foster,DevOps Eng,hadoop hive db,"NY, USA","15 Feb, 2023",15
662,Crystal Robinson,ML Engr.,java spring microservices,"Mumbai, IND",15/02/23,4
663,Kimberly Sandoval,Proj. Manager,cybersecurity net-sec SIEM,Tokyo-JP,15-02-2023,11
664,Mark Clark,DevOps Eng,java spring microservices,"London, United Kingdom",15-02-2023,13
665,Tara Wallace,Data Engr.,"pythn, sql, sprk",Paris FR,15-02-2023,5
666,William Andrade,Software Dev,django flask REST-API,"NY, USA",2023.02.15,15
667,Jason Banks,Fullstack Dev,C++ embed IoT,Berlin-Germany,2023.02.15,9
668,Jill Williams,DevOps Eng,java spring microservices,Paris FR,02/15/2023,15
669,Christine Gonzalez,Software Dev,django flask REST-API,Paris FR,Feb/15/2023,5
670,Lori Wilkins,Cloud Engr.,Excel-Tableau-PBI,Toronto-CA,02-15-2023,12
671,Matthew Ray,Proj. Manager,tensorflow pytorch dL,Paris FR,02/15/2023,5
672,Maria Prince,Data Scientist,tensorflow pytorch dL,"London, United Kingdom",Feb/15/2023,3
673,Angela Melendez,Proj. Manager,django flask REST-API,"London, United Kingdom",Feb/15/2023,7
674,James Gonzalez,Data Engr.,react node js JS,Paris FR,2023.02.15,11
675,Anthony Gomez,Fullstack Dev,django flask REST-API,"San Fran, US",02-15-2023,6
676,Mary Joseph,DevOps Eng,"pythn, sql, sprk",Tokyo-JP,15-02-2023,13
677,Crystal Martinez,Data Engr.,java spring microservices,Paris FR,"15 Feb, 2023",6
678,Ashley Harper,ML Engr.,java spring microservices,Berlin-Germany,02-15-2023,12
679,Jennifer Roberts,Data Engr.,C++ embed IoT,Berlin-Germany,02-15-2023,5
680,Brittany Valdez,Data Scientist,tensorflow pytorch dL,Tokyo-JP,2023.02.15,13
681,Casey Baird,DevOps Eng,hadoop hive db,Toronto-CA,15-02-2023,1
682,Lawrence Vazquez,Biz Analyst,hadoop hive db,Tokyo-JP,"15 Feb, 2023",10
683,Bruce Morgan,Data Engr.,django flask REST-API,Toronto-CA,02/15/2023,2
684,Terry Martin,Cloud Engr.,C++ embed IoT,"NY, USA",Feb/15/2023,6
685,Russell Castillo,ML Engr.,"pythn, sql, sprk",Toronto-CA,2023.02.15,11
686,Gregory Powell,Data Scientist,django flask REST-API,"NY, USA","15 Feb, 2023",4
687,Michelle Frank,ML Engr.,Excel-Tableau-PBI,Toronto-CA,2023/02/15,9
688,Joshua Proctor,Proj. Manager,C++ embed IoT,Tokyo-JP,15-02-2023,4
689,James Fuller,Fullstack Dev,hadoop hive db,"Mumbai, IND",15-02-2023,15
690,Ryan Peterson,Biz Analyst,tensorflow pytorch dL,Berlin-Germany,Feb/15/2023,1
691,Brittney Caldwell,Data Scientist,"pythn, sql, sprk","NY, USA",Feb 15 2023,11
692,Leslie Carroll,Biz Analyst,C++ embed IoT,"Mumbai, IND",2023/02/15,3
693,Jim Nelson,Cybersecurity Spec.,java spring microservices,Toronto-CA,2023-15-02,15
694,Elizabeth Myers,Data Engr.,Excel-Tableau-PBI,Paris FR,15-02-2023,12
695,Audrey Schwartz,Software Dev,aws k8s terraform,Berlin-Germany,15-02-2023,9
696,Tiffany Jones,Fullstack Dev,react node js JS,Sydney/AUS,Feb/15/2023,11
697,Greg Salazar,DevOps Eng,aws k8s terraform,Tokyo-JP,15/02/23,12
698,Jacob Steele,Proj. Manager,hadoop hive db,"London, United Kingdom",Feb/15/2023,9
699,Michael Bass,Fullstack Dev,java spring microservices,"Mumbai, IND",02-15-2023,1
700,Anne Rollins,Proj. Manager,django flask REST-API,Berlin-Germany,Feb/15/2023,10
701,Miguel Day,Proj. Manager,java spring microservices,"Mumbai, IND",02-15-2023,2
702,Tyler Case,Biz Analyst,cybersecurity net-sec SIEM,"NY, USA",2023.02.15,15
703,Steven Holmes,Fullstack Dev,C++ embed IoT,Paris FR,2023.02.15,9
704,David Rodriguez,Data Engr.,java spring microservices,"London, United Kingdom",02-15-2023,7
705,Nathan Carter,DevOps Eng,react node js JS,Tokyo-JP,2023/02/15,2
706,Margaret Walls,Data Scientist,aws k8s terraform,"Mumbai, IND",2023-15-02,9
707,Denise Kennedy,Proj. Manager,aws k8s terraform,"London, United Kingdom",02/15/2023,2
708,Michael Sandoval,Proj. Manager,java spring microservices,"San Fran, US",Feb 15 2023,15
709,Jason Smith,Fullstack Dev,"pythn, sql, sprk",Tokyo-JP,Feb/15/2023,9
710,Jason Miles,Cybersecurity Spec.,react node js JS,"Mumbai, IND",2023.02.15,15
711,Amy King,Data Engr.,"pythn, sql, sprk","Mumbai, IND","15 Feb, 2023",4
712,Douglas Williams,Data Engr.,tensorflow pytorch dL,Paris FR,2023.02.15,7
713,John Duncan,DevOps Eng,tensorflow pytorch dL,"San Fran, US","15 Feb, 2023",4
714,William Wolf,Fullstack Dev,react node js JS,"San Fran, US",02/15/2023,13
715,Cristina Thornton,DevOps Eng,aws k8s terraform,Berlin-Germany,02-15-2023,5
716,Joseph Snyder,Data Engr.,hadoop hive db,Toronto-CA,2023/02/15,2
717,Carla Davis,Cloud Engr.,hadoop hive db,"London, United Kingdom",2023.02.15,1
718,Janet Carroll,Data Engr.,"pythn, sql, sprk","San Fran, US",02/15/2023,12
719,Jessica Smith,Cloud Engr.,hadoop hive db,Singpore,02-15-2023,15
720,Tammy Bell,ML Engr.,C++ embed IoT,"San Fran, US",15/02/23,2
721,Tracy Hill,Data Scientist,hadoop hive db,"NY, USA",2023/02/15,10
722,Dennis Figueroa,Data Engr.,Excel-Tableau-PBI,Berlin-Germany,02/15/2023,11
723,Rebecca Arias,Biz Analyst,"pythn, sql, sprk",Paris FR,15/02/23,9
724,Tanya Castillo,Software Dev,hadoop hive db,Toronto-CA,02-15-2023,3
725,Brandon Terry,DevOps Eng,django flask REST-API,"NY, USA",15/02/23,9
726,Jennifer Mitchell,Cybersecurity Spec.,java spring microservices,"London, United Kingdom",2023/02/15,4
727,Megan Smith,Cloud Engr.,hadoop hive db,"Mumbai, IND",15-02-2023,1
728,Michael Mendoza,Data Engr.,aws k8s terraform,Berlin-Germany,Feb 15 2023,7
729,Jeanette Sutton,Cloud Engr.,django flask REST-API,Sydney/AUS,Feb 15 2023,3
730,Erika Brown,Cybersecurity Spec.,"pythn, sql, sprk","San Fran, US",2023-15-02,9
731,Tara Kane,Data Engr.,Excel-Tableau-PBI,"San Fran, US",02/15/2023,13
732,Carlos Acosta,Proj. Manager,aws k8s terraform,Berlin-Germany,Feb 15 2023,4
733,Miss Donna Wu,Cloud Engr.,django flask REST-API,"San Fran, US",15/02/23,15
734,Christopher Rogers,DevOps Eng,java spring microservices,Tokyo-JP,02/15/2023,15
735,Brittany Vincent,ML Engr.,aws k8s terraform,Sydney/AUS,2023.02.15,10
736,Debbie Flores DVM,Software Dev,Excel-Tableau-PBI,"Mumbai, IND","15 Feb, 2023",6
737,Rebecca Horton,Fullstack Dev,java spring microservices,Berlin-Germany,2023.02.15,6
738,Karen Burnett,Software Dev,C++ embed IoT,"London, United Kingdom","15 Feb, 2023",8
739,Kimberly Ramos,Data Scientist,django flask REST-API,Sydney/AUS,Feb/15/2023,6
740,James Phillips,Cloud Engr.,"pythn, sql, sprk","London, United Kingdom",2023.02.15,14
741,Katie Ford,Biz Analyst,hadoop hive db,"NY, USA",2023.02.15,14
742,Mr. Christopher Mendoza,Software Dev,hadoop hive db,"San Fran, US",15/02/23,15
743,David Ward,Software Dev,java spring microservices,Sydney/AUS,Feb 15 2023,15
744,Andrea Simmons,Cybersecurity Spec.,hadoop hive db,"London, United Kingdom","15 Feb, 2023",4
745,John Morris,Software Dev,react node js JS,Tokyo-JP,Feb/15/2023,14
746,Keith Ferguson,Proj. Manager,java spring microservices,"NY, USA",2023.02.15,9
747,Caleb Ball,ML Engr.,java spring microservices,Paris FR,15-02-2023,2
748,Leroy Morgan,Fullstack Dev,java spring microservices,Berlin-Germany,"15 Feb, 2023",13
749,Madison Williams,Data Scientist,C++ embed IoT,"Mumbai, IND",02/15/2023,1
750,Clifford Nguyen,Fullstack Dev,java spring microservices,Singpore,2023/02/15,7
751,Ryan Walker,Fullstack Dev,react node js JS,Singpore,"15 Feb, 2023",1
752,Thomas Moore,Data Engr.,"pythn, sql, sprk","San Fran, US",Feb 15 2023,6
753,Meagan Bates,Data Scientist,react node js JS,Sydney/AUS,Feb/15/2023,15
754,Dylan Oneill,DevOps Eng,hadoop hive db,Singpore,2023.02.15,3
755,Michelle Bailey,Proj. Manager,hadoop hive db,Berlin-Germany,15/02/23,14
756,Chad Mason,Fullstack Dev,Excel-Tableau-PBI,Sydney/AUS,15-02-2023,6
757,Todd Newman,Cloud Engr.,aws k8s terraform,Tokyo-JP,Feb/15/2023,4
758,Kimberly Cline,ML Engr.,java spring microservices,Paris FR,Feb/15/2023,13
759,Linda Harris,Fullstack Dev,"pythn, sql, sprk",Berlin-Germany,02-15-2023,9
760,Rose Young,Software Dev,hadoop hive db,Singpore,2023-15-02,7
761,Beth Smith,Cybersecurity Spec.,C++ embed IoT,Berlin-Germany,15/02/23,9
762,Blake Wade,Biz Analyst,tensorflow pytorch dL,"NY, USA",02-15-2023,14
763,Christopher Wells,Data Engr.,C++ embed IoT,Berlin-Germany,15-02-2023,14
764,Jeanette Howell,Data Scientist,tensorflow pytorch dL,"San Fran, US",2023-15-02,1
765,Leroy Hoffman,DevOps Eng,django flask REST-API,Toronto-CA,"15 Feb, 2023",9
766,Sean Casey,Data Engr.,tensorflow pytorch dL,Singpore,Feb 15 2023,7
767,Amber Mills,Data Engr.,django flask REST-API,Tokyo-JP,Feb 15 2023,7
768,Cathy Williams,Cybersecurity Spec.,Excel-Tableau-PBI,Paris FR,2023.02.15,3
769,Sandra Harris,DevOps Eng,java spring microservices,"San Fran, US",02/15/2023,2
770,Tracy Kim,Software Dev,hadoop hive db,"San Fran, US",Feb 15 2023,13
771,Angela Knight,DevOps Eng,C++ embed IoT,Tokyo-JP,Feb 15 2023,8
772,Andrew Smith,Data Scientist,cybersecurity net-sec SIEM,Berlin-Germany,2023/02/15,7
773,Megan Myers,Software Dev,Excel-Tableau-PBI,"London, United Kingdom",2023-15-02,15
774,Peter Holder,Fullstack Dev,django flask REST-API,Sydney/AUS,2023.02.15,6
775,Isaac Simpson,Cybersecurity Spec.,tensorflow pytorch dL,Paris FR,2023.02.15,11
776,Tara Garcia,Software Dev,django flask REST-API,"Mumbai, IND",Feb 15 2023,6
777,Andrew Galloway,ML Engr.,"pythn, sql, sprk",Berlin-Germany,02-15-2023,10
778,Brenda Snyder,ML Engr.,aws k8s terraform,"San Fran, US",Feb/15/2023,2
779,Laura Hunt,DevOps Eng,C++ embed IoT,Toronto-CA,Feb/15/2023,14
780,Christopher Beltran,Proj. Manager,react node js JS,Tokyo-JP,"15 Feb, 2023",6
781,Brooke Scott,DevOps Eng,aws k8s terraform,Tokyo-JP,Feb 15 2023,2
782,Shelby Mendoza,Cybersecurity Spec.,aws k8s terraform,Paris FR,Feb/15/2023,6
783,Amanda Barnett,Proj. Manager,"pythn, sql, sprk",Singpore,2023/02/15,10
784,Dustin Hart,Software Dev,react node js JS,Tokyo-JP,2023/02/15,5
785,Mark Schmidt,Data Scientist,"pythn, sql, sprk",Paris FR,15/02/23,7
786,Lisa Ali,Fullstack Dev,cybersecurity net-sec SIEM,"San Fran, US","15 Feb, 2023",3
787,Andre Gould,ML Engr.,django flask REST-API,Singpore,02-15-2023,11
788,Sara Murray,Software Dev,"pythn, sql, sprk","London, United Kingdom",2023/02/15,8
789,Cynthia Fowler,Software Dev,Excel-Tableau-PBI,Paris FR,2023/02/15,15
790,Rachel Carr,Fullstack Dev,django flask REST-API,Sydney/AUS,15/02/23,9
791,Karen Alexander,Software Dev,C++ embed IoT,"Mumbai, IND",Feb/15/2023,3
792,Mr. Andrew Hartman,Proj. Manager,java spring microservices,Singpore,15-02-2023,8
793,Michelle Simmons,Data Scientist,tensorflow pytorch dL,"NY, USA",2023-15-02,2
794,Stephanie Guerra,Cybersecurity Spec.,aws k8s terraform,"NY, USA",Feb/15/2023,14
795,Michael Ballard,Cybersecurity Spec.,Excel-Tableau-PBI,"London, United Kingdom",Feb/15/2023,12
796,Lindsey Parks,DevOps Eng,django flask REST-API,"San Fran, US",2023.02.15,6
797,Carrie Sullivan,Cloud Engr.,django flask REST-API,"Mumbai, IND",02-15-2023,15
798,Henry Hoffman,Proj. Manager,django flask REST-API,"London, United Kingdom",15/02/23,6
799,Gina Lopez,Proj. Manager,java spring microservices,"Mumbai, IND",Feb/15/2023,8
800,Megan Harris,Data Scientist,tensorflow pytorch dL,"Mumbai, IND",02-15-2023,8
801,Jason Williams,ML Engr.,"pythn, sql, sprk",Sydney/AUS,Feb 15 2023,15
802,Laura Hernandez,DevOps Eng,"pythn, sql, sprk",Tokyo-JP,15/02/23,14
803,Kenneth Harvey,Fullstack Dev,tensorflow pytorch dL,"Mumbai, IND",2023-15-02,3
804,Marissa Black,DevOps Eng,Excel-Tableau-PBI,Berlin-Germany,15/02/23,12
805,Teresa Martinez,Cybersecurity Spec.,hadoop hive db,Berlin-Germany,02-15-2023,11
806,Barbara Clark,DevOps Eng,aws k8s terraform,Berlin-Germany,Feb 15 2023,3
807,Caleb Pruitt,Proj. Manager,django flask REST-API,"London, United Kingdom",15-02-2023,13
808,Jacob Mcdowell,DevOps Eng,react node js JS,Paris FR,Feb/15/2023,4
809,Jill Miller,Biz Analyst,react node js JS,Toronto-CA,2023-15-02,4
810,Julia Robinson MD,Data Engr.,react node js JS,Singpore,2023.02.15,11
811,Craig Johnson,Data Engr.,react node js JS,Tokyo-JP,2023/02/15,3
812,Stephanie Cain,Data Engr.,tensorflow pytorch dL,Berlin-Germany,2023/02/15,3
813,Robert Rios,Data Engr.,react node js JS,"San Fran, US",15/02/23,4
814,Edward Ford,Fullstack Dev,hadoop hive db,Toronto-CA,2023-15-02,6
815,Darren Noble,Data Scientist,tensorflow pytorch dL,"Mumbai, IND","15 Feb, 2023",14
816,Amy Sutton,Data Engr.,tensorflow pytorch dL,Sydney/AUS,"15 Feb, 2023",10
817,Carla Figueroa,DevOps Eng,aws k8s terraform,"Mumbai, IND",Feb 15 2023,10
818,Michelle Phillips,ML Engr.,react node js JS,Berlin-Germany,02-15-2023,4
819,Ronald Powell,ML Engr.,cybersecurity net-sec SIEM,Singpore,02/15/2023,9
820,Tyler Parrish,Data Scientist,cybersecurity net-sec SIEM,"NY, USA","15 Feb, 2023",7
821,Alexandria Molina,Biz Analyst,Excel-Tableau-PBI,Paris FR,15-02-2023,9
822,Diamond Martinez,Proj. Manager,"pythn, sql, sprk",Berlin-Germany,2023-15-02,3
823,Brandon Rivera,Software Dev,"pythn, sql, sprk",Paris FR,15-02-2023,10
824,Robert Wilkinson,ML Engr.,django flask REST-API,"London, United Kingdom",15/02/23,7
825,Douglas Dillon,DevOps Eng,C++ embed IoT,Tokyo-JP,"15 Feb, 2023",6
826,Ashlee Johnson,Data Engr.,django flask REST-API,Tokyo-JP,02/15/2023,13
827,Larry Neal,Software Dev,C++ embed IoT,Toronto-CA,2023/02/15,5
828,Samuel Cervantes,Fullstack Dev,aws k8s terraform,Tokyo-JP,Feb 15 2023,4
829,Jonathan Mathis,Data Engr.,react node js JS,Paris FR,2023-15-02,11
830,Jessica Garcia,Data Scientist,C++ embed IoT,Singpore,Feb/15/2023,8
831,William Johnson,Cybersecurity Spec.,C++ embed IoT,"NY, USA",Feb 15 2023,11
832,Denise Meza,ML Engr.,java spring microservices,Toronto-CA,02-15-2023,4
833,James Wheeler,DevOps Eng,"pythn, sql, sprk",Singpore,15-02-2023,7
834,Craig Willis,Software Dev,django flask REST-API,"London, United Kingdom",02-15-2023,3
835,John Zavala,ML Engr.,tensorflow pytorch dL,"Mumbai, IND",02-15-2023,15
836,Tyler Lee,Cloud Engr.,cybersecurity net-sec SIEM,Sydney/AUS,Feb 15 2023,14
837,Christopher Hamilton,DevOps Eng,react node js JS,Tokyo-JP,15-02-2023,13
838,Kyle Moreno,Cybersecurity Spec.,java spring microservices,Singpore,2023/02/15,1
839,Brenda Greene,Data Engr.,java spring microservices,Berlin-Germany,"15 Feb, 2023",2
840,Robert Bright,Fullstack Dev,tensorflow pytorch dL,"San Fran, US",Feb 15 2023,8
841,Michael Watts,Biz Analyst,react node js JS,"Mumbai, IND",Feb/15/2023,6
842,Christopher Jimenez,Cybersecurity Spec.,cybersecurity net-sec SIEM,"San Fran, US",15-02-2023,9
843,Hannah Garcia,Cybersecurity Spec.,django flask REST-API,Sydney/AUS,15/02/23,10
844,Robert Turner,Biz Analyst,"pythn, sql, sprk",Berlin-Germany,15-02-2023,13
845,Richard Rice,Cybersecurity Spec.,C++ embed IoT,"Mumbai, IND",2023/02/15,8
846,Ariana Stanley,Data Scientist,"pythn, sql, sprk","Mumbai, IND",15/02/23,12
847,Stephanie Petersen,Fullstack Dev,Excel-Tableau-PBI,Sydney/AUS,02-15-2023,3
848,Paul Diaz,ML Engr.,django flask REST-API,Paris FR,Feb 15 2023,8
849,Carl Stanley,Fullstack Dev,tensorflow pytorch dL,Berlin-Germany,"15 Feb, 2023",6
850,Jennifer Garcia,ML Engr.,tensorflow pytorch dL,"San Fran, US","15 Feb, 2023",14
851,Nancy Zimmerman,Biz Analyst,Excel-Tableau-PBI,Tokyo-JP,02-15-2023,14
852,Paul Berger,Biz Analyst,C++ embed IoT,"NY, USA",02-15-2023,13
853,Erin Vance,Proj. Manager,cybersecurity net-sec SIEM,"San Fran, US",15/02/23,14
854,Crystal Morgan,Software Dev,cybersecurity net-sec SIEM,Singpore,2023/02/15,11
855,Robert Young,DevOps Eng,tensorflow pytorch dL,Singpore,2023-15-02,4
856,Heather Brooks,Data Engr.,cybersecurity net-sec SIEM,Sydney/AUS,02-15-2023,12
857,Kevin Miller,Proj. Manager,hadoop hive db,"London, United Kingdom",Feb/15/2023,9
858,Alexander Trevino,ML Engr.,tensorflow pytorch dL,Tokyo-JP,"15 Feb, 2023",9
859,Ryan Marsh,ML Engr.,django flask REST-API,Berlin-Germany,02-15-2023,14
860,Ariana Blake,DevOps Eng,aws k8s terraform,"San Fran, US",15/02/23,6
861,Justin Jimenez,DevOps Eng,cybersecurity net-sec SIEM,"NY, USA","15 Feb, 2023",8
862,Amy Clark,Cybersecurity Spec.,django flask REST-API,Paris FR,"15 Feb, 2023",8
863,Justin Johnson,Cloud Engr.,hadoop hive db,"London, United Kingdom",15/02/23,7
864,Shane Donaldson,Data Scientist,C++ embed IoT,Sydney/AUS,Feb/15/2023,5
865,Mr. Robert Hill MD,Data Engr.,tensorflow pytorch dL,Sydney/AUS,Feb 15 2023,9
866,Christopher Simmons,Biz Analyst,tensorflow pytorch dL,Singpore,15-02-2023,6
867,Justin Reed,Proj. Manager,java spring microservices,Berlin-Germany,Feb/15/2023,13
868,Robert Casey,Proj. Manager,java spring microservices,Berlin-Germany,02/15/2023,14
869,Richard Mejia,Fullstack Dev,hadoop hive db,Singpore,02-15-2023,14
870,Aaron Salazar,Fullstack Dev,Excel-Tableau-PBI,Berlin-Germany,02/15/2023,2
871,James Atkins,ML Engr.,cybersecurity net-sec SIEM,Toronto-CA,Feb 15 2023,7
872,Stacy Lopez,ML Engr.,tensorflow pytorch dL,Sydney/AUS,02-15-2023,12
873,Whitney Vargas,Cloud Engr.,react node js JS,"London, United Kingdom","15 Feb, 2023",4
874,Curtis Wilkins,Data Engr.,java spring microservices,Tokyo-JP,Feb 15 2023,12
875,Tanya Ayala,Cloud Engr.,django flask REST-API,Paris FR,15/02/23,12
876,James Wright,ML Engr.,tensorflow pytorch dL,Toronto-CA,2023.02.15,7
877,Gregory Wheeler,Cybersecurity Spec.,"pythn, sql, sprk",Toronto-CA,2023/02/15,14
878,Anna Dunn,Data Scientist,"pythn, sql, sprk",Paris FR,Feb 15 2023,14
879,Jeffrey Pena,Cybersecurity Spec.,"pythn, sql, sprk",Sydney/AUS,02/15/2023,13
880,Carl Perez,Biz Analyst,aws k8s terraform,Berlin-Germany,02-15-2023,12
881,Michael Peters,Cloud Engr.,aws k8s terraform,Tokyo-JP,Feb/15/2023,5
882,Terry Griffith,Software Dev,Excel-Tableau-PBI,"San Fran, US",15-02-2023,4
883,Dan Blair,Fullstack Dev,react node js JS,Toronto-CA,Feb/15/2023,6
884,Amy Taylor,Data Engr.,"pythn, sql, sprk","Mumbai, IND",2023/02/15,9
885,Mallory Sexton,ML Engr.,aws k8s terraform,Sydney/AUS,2023-15-02,2
886,William Rasmussen,Data Engr.,Excel-Tableau-PBI,Paris FR,"15 Feb, 2023",12
887,Whitney Santana,DevOps Eng,tensorflow pytorch dL,"Mumbai, IND",2023/02/15,9
888,Adam White,Data Engr.,react node js JS,"Mumbai, IND",15-02-2023,13
889,Elizabeth Hendricks MD,Biz Analyst,java spring microservices,Toronto-CA,"15 Feb, 2023",15
890,Michelle Schwartz,Fullstack Dev,django flask REST-API,"Mumbai, IND",Feb 15 2023,11
891,Marcia Perez,ML Engr.,Excel-Tableau-PBI,Berlin-Germany,15/02/23,3
892,Jeffrey Estrada,DevOps Eng,hadoop hive db,"San Fran, US",Feb/15/2023,13
893,Samuel Yates,Data Engr.,C++ embed IoT,Singpore,15/02/23,6
894,Lauren Vaughn,Cloud Engr.,"pythn, sql, sprk",Berlin-Germany,15-02-2023,5
895,William Jones,Software Dev,react node js JS,Singpore,2023.02.15,14
896,Francis King,Proj. Manager,java spring microservices,Berlin-Germany,2023.02.15,11
897,Shannon Bond,DevOps Eng,"pythn, sql, sprk","London, United Kingdom",02-15-2023,4
898,James Brown,Software Dev,hadoop hive db,Singpore,15-02-2023,10
899,Mitchell Morales,ML Engr.,react node js JS,Singpore,15/02/23,7
900,Joanna Collins,Fullstack Dev,Excel-Tableau-PBI,"NY, USA",2023.02.15,1
901,Laura Thompson,Software Dev,"pythn, sql, sprk",Tokyo-JP,15/02/23,12
902,Mrs. Sophia Anderson,ML Engr.,"pythn, sql, sprk",Tokyo-JP,2023/02/15,8
903,Andrea Morales,Proj. Manager,cybersecurity net-sec SIEM,"San Fran, US",Feb/15/2023,14
904,Leslie Miles,Cloud Engr.,cybersecurity net-sec SIEM,"San Fran, US","15 Feb, 2023",15
905,Veronica Newman,Cybersecurity Spec.,hadoop hive db,"London, United Kingdom",02/15/2023,11
906,Kent Frank,Software Dev,django flask REST-API,"London, United Kingdom",2023/02/15,5
907,Douglas Li,ML Engr.,django flask REST-API,"San Fran, US","15 Feb, 2023",14
908,James Evans,Fullstack Dev,cybersecurity net-sec SIEM,Tokyo-JP,15-02-2023,14
909,Denise Powell,Cybersecurity Spec.,"pythn, sql, sprk","Mumbai, IND",02/15/2023,10
910,Michelle Davis,Cloud Engr.,hadoop hive db,"San Fran, US",02/15/2023,14
911,Robert West,Cloud Engr.,tensorflow pytorch dL,Toronto-CA,2023.02.15,9
912,Brandon Perez,Data Scientist,C++ embed IoT,"Mumbai, IND",Feb 15 2023,13
913,Keith Hernandez,Cybersecurity Spec.,aws k8s terraform,"NY, USA",Feb 15 2023,12
914,Angela Santiago,Fullstack Dev,cybersecurity net-sec SIEM,Sydney/AUS,Feb 15 2023,3
915,Anthony Mclaughlin,Cloud Engr.,hadoop hive db,"San Fran, US",2023/02/15,5
916,Sonya Myers,Cybersecurity Spec.,hadoop hive db,Paris FR,15-02-2023,13
917,George Williams,Software Dev,react node js JS,"San Fran, US",15-02-2023,10
918,Ellen Roth,Fullstack Dev,C++ embed IoT,Toronto-CA,02-15-2023,9
919,Betty Nelson,Software Dev,aws k8s terraform,Paris FR,2023/02/15,7
920,Carol Leonard,Data Scientist,tensorflow pytorch dL,Tokyo-JP,2023-15-02,15
921,Robert Davenport,Cloud Engr.,hadoop hive db,Singpore,Feb/15/2023,6
922,Timothy Olson,Fullstack Dev,aws k8s terraform,Tokyo-JP,15-02-2023,8
923,Alexis Garcia,Biz Analyst,Excel-Tableau-PBI,"San Fran, US",2023-15-02,3
924,Crystal Mcclain,Cybersecurity Spec.,hadoop hive db,Tokyo-JP,2023.02.15,12
925,Nicholas Martinez,Cybersecurity Spec.,java spring microservices,Sydney/AUS,Feb/15/2023,2
926,Stephanie Mclean,Software Dev,cybersecurity net-sec SIEM,"San Fran, US",Feb 15 2023,6
927,Sheila Ashley,ML Engr.,hadoop hive db,Singpore,15-02-2023,14
928,Zachary Davis,Proj. Manager,Excel-Tableau-PBI,Singpore,02-15-2023,5
929,Brandon Flynn,Fullstack Dev,django flask REST-API,"San Fran, US",Feb/15/2023,4
930,Daniel Ortiz,Fullstack Dev,django flask REST-API,Sydney/AUS,02-15-2023,10
931,Jerry Figueroa,Data Scientist,aws k8s terraform,Singpore,2023.02.15,4
932,Philip Fleming,DevOps Eng,cybersecurity net-sec SIEM,Sydney/AUS,02/15/2023,14
933,Julia Rivera,Cloud Engr.,java spring microservices,"Mumbai, IND",15/02/23,11
934,Adam Moore,Data Engr.,aws k8s terraform,Toronto-CA,2023-15-02,1
935,Trevor Fowler,DevOps Eng,react node js JS,"Mumbai, IND",02-15-2023,2
936,Douglas Bates,Cybersecurity Spec.,Excel-Tableau-PBI,Singpore,02-15-2023,1
937,Michael Hull,Software Dev,tensorflow pytorch dL,Singpore,02/15/2023,14
938,David Jackson,DevOps Eng,C++ embed IoT,Paris FR,Feb 15 2023,6
939,Richard Chapman,Cloud Engr.,hadoop hive db,"San Fran, US",02-15-2023,4
940,Virginia Owens,Data Engr.,django flask REST-API,"London, United Kingdom",2023/02/15,15
941,Erica Arnold,Data Engr.,java spring microservices,"London, United Kingdom",02-15-2023,9
942,Cory Rogers,Software Dev,java spring microservices,Singpore,2023/02/15,3
943,Katrina Cole,ML Engr.,java spring microservices,Toronto-CA,Feb 15 2023,11
944,Jennifer Stone,Fullstack Dev,hadoop hive db,"San Fran, US",15/02/23,9
945,Robert Sandoval,ML Engr.,java spring microservices,Tokyo-JP,15/02/23,13
946,Jordan White,Cybersecurity Spec.,aws k8s terraform,"Mumbai, IND",02-15-2023,1
947,Jason Hernandez,ML Engr.,java spring microservices,"San Fran, US",2023.02.15,10
948,Rose Williams,Cybersecurity Spec.,Excel-Tableau-PBI,"London, United Kingdom",Feb 15 2023,9
949,Megan Smith,Fullstack Dev,java spring microservices,Singpore,Feb/15/2023,7
950,Sydney Gomez,Biz Analyst,java spring microservices,"NY, USA",15/02/23,14
951,Charles Wolf,Cloud Engr.,hadoop hive db,Paris FR,Feb 15 2023,10
952,James Ramos,Fullstack Dev,Excel-Tableau-PBI,Toronto-CA,2023/02/15,4
953,Mark Cardenas,Fullstack Dev,"pythn, sql, sprk",Singpore,Feb 15 2023,10
954,Ruth Perry,Cybersecurity Spec.,cybersecurity net-sec SIEM,Paris FR,Feb/15/2023,4
955,Joan Gilbert,Cloud Engr.,C++ embed IoT,Sydney/AUS,Feb/15/2023,6
956,Casey Martinez,ML Engr.,hadoop hive db,"London, United Kingdom",2023.02.15,11
957,Kimberly Lane,Cloud Engr.,tensorflow pytorch dL,Berlin-Germany,02/15/2023,10
958,Timothy Morse,Proj. Manager,django flask REST-API,Paris FR,15-02-2023,3
959,Mark Jackson,Software Dev,aws k8s terraform,Paris FR,2023-15-02,11
960,Dwayne Hernandez,Fullstack Dev,cybersecurity net-sec SIEM,Berlin-Germany,Feb/15/2023,3
961,Aaron Booker,Cloud Engr.,C++ embed IoT,"NY, USA",2023/02/15,3
962,Dana Mayer,Data Scientist,"pythn, sql, sprk",Singpore,02/15/2023,10
963,Kimberly Obrien,Proj. Manager,hadoop hive db,Toronto-CA,Feb/15/2023,2
964,Daniel Lewis,Proj. Manager,C++ embed IoT,"London, United Kingdom",15-02-2023,7
965,Justin Morales,Cybersecurity Spec.,react node js JS,"London, United Kingdom",02-15-2023,13
966,Melissa Gonzalez,Cybersecurity Spec.,aws k8s terraform,"NY, USA",15/02/23,14
967,Alexa Garcia,Proj. Manager,aws k8s terraform,Berlin-Germany,Feb/15/2023,1
968,Natasha Paul,ML Engr.,hadoop hive db,Toronto-CA,2023-15-02,2
969,Stephen Johnson,Biz Analyst,cybersecurity net-sec SIEM,Tokyo-JP,2023.02.15,15
970,Thomas Bryant,Cloud Engr.,tensorflow pytorch dL,"Mumbai, IND",2023/02/15,5
971,Maurice Greer,Data Engr.,tensorflow pytorch dL,Toronto-CA,Feb/15/2023,7
972,Ronald Mckay,Proj. Manager,cybersecurity net-sec SIEM,"London, United Kingdom",2023/02/15,5
973,Wendy Powers,Biz Analyst,hadoop hive db,"San Fran, US",15-02-2023,8
974,James Peters,Software Dev,"pythn, sql, sprk","NY, USA",2023.02.15,11
975,Jessica Becker,Cloud Engr.,hadoop hive db,Berlin-Germany,Feb/15/2023,9
976,Travis Rogers,Software Dev,aws k8s terraform,Tokyo-JP,02-15-2023,10
977,Mr. Terry Gomez DVM,Biz Analyst,"pythn, sql, sprk",Paris FR,2023/02/15,6
978,Jacqueline Bates,Cloud Engr.,C++ embed IoT,Tokyo-JP,2023-15-02,9
979,Cheryl Smith,Fullstack Dev,"pythn, sql, sprk",Sydney/AUS,02-15-2023,11
980,Sarah Hall,Data Engr.,cybersecurity net-sec SIEM,Paris FR,2023/02/15,3
981,Sheryl Patel,Biz Analyst,"pythn, sql, sprk",Toronto-CA,2023-15-02,11
982,Terry Barr,DevOps Eng,react node js JS,"San Fran, US",15/02/23,1
983,Kenneth Harvey,Data Scientist,Excel-Tableau-PBI,"Mumbai, IND",Feb 15 2023,11
984,Edwin Cox,Proj. Manager,tensorflow pytorch dL,Singpore,02-15-2023,15
985,Harold Gonzalez,Proj. Manager,"pythn, sql, sprk","NY, USA",02/15/2023,8
986,Derrick Sweeney,DevOps Eng,C++ embed IoT,Sydney/AUS,"15 Feb, 2023",12
987,Francisco Roman,Cloud Engr.,Excel-Tableau-PBI,Tokyo-JP,15/02/23,5
988,Jacob Cooper,Cloud Engr.,"pythn, sql, sprk",Toronto-CA,02/15/2023,5
989,Luis Gonzalez,ML Engr.,cybersecurity net-sec SIEM,"NY, USA",15/02/23,4
990,Phyllis Hall,ML Engr.,django flask REST-API,"NY, USA",2023/02/15,4
991,Debbie Wilson,Cybersecurity Spec.,react node js JS,Paris FR,Feb 15 2023,15
992,Kaylee Blake,ML Engr.,aws k8s terraform,Singpore,"15 Feb, 2023",12
993,Jennifer Gardner,Software Dev,hadoop hive db,Singpore,02/15/2023,12
994,Amber Cantrell,Cloud Engr.,Excel-Tableau-PBI,"San Fran, US",Feb/15/2023,7
995,Donald Franklin,Proj. Manager,Excel-Tableau-PBI,Sydney/AUS,Feb 15 2023,3
996,Robert Hoffman,ML Engr.,tensorflow pytorch dL,Singpore,2023/02/15,10
997,Kathy Mendoza,DevOps Eng,tensorflow pytorch dL,Paris FR,15-02-2023,1
998,Daniel Harper,Software Dev,"pythn, sql, sprk","Mumbai, IND","15 Feb, 2023",11
999,Earl Flynn,DevOps Eng,Excel-Tableau-PBI,"NY, USA",2023/02/15,15
1000,Casey Austin,ML Engr.,django flask REST-API,Paris FR,02/15/2023,1
